Bedrooms,Bathrooms,Land area,CV,SA1,0-19 years,20-29 years,30-39 years,40-49 years,50-59 years,60+ years,Suburbs,NZDep2018,NZDep2018_Score,population
5,3.0,714.0,960000,7009770,48,27,24,21,24,21,Manurewa,6.0,997.0,174
5,3.0,564.0,1250000,7009991,42,18,12,21,15,30,Karaka,1.0,881.0,129
6,4.0,626.0,1250000,7009991,42,18,12,21,15,30,Karaka,1.0,881.0,129
2,1.0,65.0,740000,7007871,42,6,21,21,12,15,Onehunga,2.0,908.0,120
3,1.0,601.0,630000,7008902,93,27,33,30,21,33,Clover Park,9.0,1091.0,231
3,1.0,100.0,1050000,7007917,63,15,24,33,30,39,Mangere Bridge,4.0,942.0,195
3,1.0,531.0,2525000,7004908,33,12,18,12,15,9,Ponsonby,4.0,951.0,102
3,2.0,1024.0,1400000,7005903,36,33,39,21,12,24,One Tree Hill,4.0,951.0,162
3,2.0,80.0,475000,7009808,45,27,15,12,12,12,Manurewa,10.0,1164.0,126
4,2.0,204.0,660000,7003826,30,27,36,15,24,12,Massey,6.0,988.0,141
4,2.0,170.0,900000,7003826,30,27,36,15,24,12,Massey,6.0,988.0,141
4,2.0,170.0,660000,7003826,30,27,36,15,24,12,Massey,6.0,988.0,141
3,1.0,637.0,920000,7002805,42,33,36,30,24,24,Hillcrest,2.0,916.0,189
3,1.0,640.0,570000,7009565,69,33,24,21,15,9,Manurewa,10.0,1225.0,171
4,2.0,650.0,1150000,7004424,54,45,33,18,18,6,Avondale,9.0,1070.0,174
3,1.0,138.0,1200000,7007562,51,36,30,18,18,36,Mount Roskill,9.0,1076.0,183
2,1.0,75.0,640000,7007562,51,36,30,18,18,36,Mount Roskill,9.0,1076.0,183
5,3.0,724.0,640000,7001422,51,54,66,24,9,12,Silverdale,2.0,899.0,219
5,3.0,429.0,1180000,7001422,51,54,66,24,9,12,Silverdale,2.0,899.0,219
5,3.0,520.0,590000,7001422,51,54,66,24,9,12,Silverdale,2.0,899.0,219
3,1.0,1381.0,2080000,7007751,27,36,24,18,12,9,Royal Oak,7.0,1021.0,135
5,4.0,732.0,1800000,7002324,63,27,24,51,30,18,Schnapper Rock,1.0,861.0,213
4,2.0,799.0,1145000,7004268,48,24,30,24,18,27,Avondale,6.0,980.0,162
3,1.0,1105.0,920000,7007391,72,21,30,33,27,15,Titirangi,6.0,987.0,198
3,1.0,463.0,1500000,7004956,21,33,18,24,21,12,Kingsland,5.0,964.0,132
3,2.0,681.0,1100000,7006932,12,12,15,12,15,24,Highland Park,3.0,924.0,90
3,2.0,4068.0,710000,7001678,51,18,15,27,36,42,Matakatia,1.0,885.0,189
2,1.0,106.0,1020000,7006356,45,18,42,51,18,42,Stonefields,3.0,936.0,213
3,1.0,713.0,1150000,7004636,51,39,15,21,45,33,Mount Albert,1.0,860.0,198
3,2.0,211.0,1600000,7006277,24,18,27,24,18,51,Mission Bay,3.0,927.0,168
3,2.0,402.0,1280000,7005632,30,24,18,15,15,30,Epsom,2.0,903.0,132
3,1.0,883.0,2150000,7005632,30,24,18,15,15,30,Epsom,2.0,903.0,132
5,3.0,883.0,2425000,7005632,30,24,18,15,15,30,Epsom,2.0,903.0,132
4,3.0,883.0,2425000,7005632,30,24,18,15,15,30,Epsom,2.0,903.0,132
4,1.0,675.0,435000,7010341,96,36,24,24,12,9,Pukekohe,10.0,1247.0,204
4,3.0,388.0,1300000,7007766,51,48,33,30,18,12,Hillsborough,6.0,980.0,189
3,2.0,1034.0,1120000,7008696,90,48,51,27,36,36,Pakuranga,9.0,1097.0,282
3,1.0,1295.0,850000,7003352,30,12,9,15,18,33,Oneroa,6.0,984.0,123
3,2.0,1102.0,930000,7004023,51,15,24,21,12,24,Sunnyvale,9.0,1075.0,153
3,2.0,551.0,1025000,7009992,51,21,30,21,18,36,Karaka,2.0,914.0,177
3,1.0,809.0,930000,7008633,54,42,39,21,27,36,Papatoetoe,9.0,1069.0,225
2,1.0,1108.0,1225000,7007765,39,39,30,24,24,33,Hillsborough,3.0,935.0,189
6,3.0,745.0,1100000,7001675,75,12,30,51,24,42,Gulf Harbour,1.0,895.0,234
5,3.0,613.0,1925000,7006190,69,12,42,45,18,18,Meadowbank,1.0,875.0,201
3,1.0,758.0,990000,7007820,33,9,18,21,21,6,Onehunga,2.0,918.0,114
4,2.0,727.0,920000,7009998,48,21,18,18,39,33,Pahurehure,1.0,895.0,174
2,1.0,59.0,600000,7004387,57,42,33,21,21,21,Avondale,8.0,1030.0,195
4,2.0,260.0,1025000,7004387,57,42,33,21,21,21,Avondale,8.0,1030.0,195
3,2.0,126.0,630000,7009541,60,36,30,9,18,6,Manurewa,10.0,1151.0,162
3,1.0,615.0,1575000,7005166,27,75,33,24,15,18,Mount Eden,6.0,997.0,189
4,2.0,756.0,1050000,7009731,75,45,42,27,39,66,Goodwood Heights,4.0,951.0,288
4,1.0,3609.0,1380000,7009861,63,27,39,30,6,24,Manurewa,6.0,978.0,189
3,2.0,809.0,830000,7003341,18,6,9,21,21,42,Oneroa,4.0,945.0,132
3,1.0,431.0,940000,7006318,48,45,27,30,27,21,Meadowbank,2.0,914.0,201
4,2.0,3648.0,1520000,7007223,51,21,15,39,27,27,Titirangi,2.0,903.0,180
4,3.0,3177.0,1400000,7007223,51,21,15,39,27,27,Titirangi,2.0,903.0,180
5,3.0,545.0,1725000,7006178,39,39,33,24,27,27,Orakei,4.0,950.0,189
4,2.0,420.0,2150000,7006178,39,39,33,24,27,27,Mission Bay,4.0,950.0,189
3,2.0,481.0,1325000,7003315,36,9,12,18,21,12,Belmont,2.0,914.0,105
3,1.0,279.0,1220000,7005999,27,21,15,21,18,24,Remuera,4.0,955.0,120
3,1.0,120.0,630000,7009958,54,21,21,15,9,9,Randwick Park,10.0,1255.0,126
4,2.0,1037.0,1400000,7006737,54,21,30,27,21,24,Farm Cove,4.0,949.0,180
4,3.0,202.0,1340000,7006075,54,12,27,30,24,45,Remuera,3.0,922.0,189
4,2.0,1031.0,2450000,7006075,54,12,27,30,24,45,Remuera,3.0,922.0,189
4,2.0,1031.0,2450000,7006075,54,12,27,30,24,45,Remuera,3.0,922.0,189
3,1.0,602.0,530000,7009471,105,48,42,27,30,12,Clendon Park,10.0,1189.0,267
4,2.0,810.0,730000,7010539,48,15,12,27,27,36,Pukekohe,2.0,911.0,168
3,1.0,475.0,810000,7004296,30,21,27,24,12,21,New Lynn,6.0,988.0,138
3,1.0,736.0,1170000,7002617,45,42,30,18,15,30,Glenfield,4.0,955.0,174
3,1.0,110.0,540000,7009880,54,18,18,18,9,6,Randwick Park,10.0,1162.0,123
4,1.0,99.0,485000,7009882,93,66,39,24,18,9,Randwick Park,10.0,1198.0,243
3,2.0,153.0,790000,7007125,72,24,30,33,33,51,Glen Eden,3.0,935.0,234
5,3.0,245.0,1240000,7006106,57,42,45,42,9,30,Remuera,2.0,906.0,228
4,1.0,2567.0,2725000,7006106,57,42,45,42,9,30,Ellerslie,2.0,906.0,228
3,1.0,1500.0,680000,7001269,54,9,18,30,30,33,Kaipara Flats,4.0,938.0,168
3,2.0,885.0,860000,7004112,33,30,15,33,27,21,Te Atatu South,7.0,1000.0,162
4,3.0,480.0,2275000,7005129,21,30,27,24,18,21,Grey Lynn,3.0,920.0,147
4,2.0,377.0,850000,7008343,51,57,42,27,30,39,Mount Wellington,7.0,1027.0,234
3,1.0,688.0,780000,7008343,51,57,42,27,30,39,Mount Wellington,7.0,1027.0,234
6,3.0,10557.0,1945000,7003463,42,24,15,30,27,33,Massey,5.0,958.0,180
2,1.0,405.0,1000000,7006236,42,15,48,39,12,24,Ellerslie,4.0,940.0,186
3,2.0,561.0,710000,7009955,87,24,33,39,21,27,Randwick Park,8.0,1031.0,231
4,2.0,255.0,810000,7010021,75,72,66,33,15,15,Takanini,3.0,927.0,276
5,3.0,519.0,540000,7001409,0,0,0,0,0,0,Orewa,7.0,1028.0,18
4,2.0,650.0,590000,7001409,0,0,0,0,0,0,Orewa,7.0,1028.0,18
4,2.0,602.0,1075000,7001409,0,0,0,0,0,0,Orewa,7.0,1028.0,18
5,3.0,650.0,1250000,7001409,0,0,0,0,0,0,Orewa,7.0,1028.0,18
5,3.0,519.0,1225000,7001409,0,0,0,0,0,0,Orewa,7.0,1028.0,18
5,3.0,522.0,540000,7001409,0,0,0,0,0,0,Orewa,7.0,1028.0,18
5,3.0,651.0,1260000,7001409,0,0,0,0,0,0,Orewa,7.0,1028.0,18
4,2.0,559.0,1050000,7001409,0,0,0,0,0,0,Orewa,7.0,1028.0,18
5,3.0,420.0,1200000,7009106,45,48,30,18,24,24,Flat Bush,2.0,913.0,192
3,2.0,472.0,720000,7001739,33,24,9,15,24,48,Helensville,7.0,1006.0,150
3,1.0,1067.0,580000,7008844,45,27,12,15,15,15,Otara,10.0,1357.0,132
3,1.0,726.0,570000,7008844,45,27,12,15,15,15,Otara,10.0,1357.0,132
3,2.0,251.0,1300000,7007786,21,15,18,12,18,18,Epsom,4.0,942.0,108
5,2.0,220.0,1225000,7002953,42,33,21,21,6,18,Hillcrest,5.0,976.0,141
5,3.0,420.0,1250000,7009239,39,21,30,18,9,12,Flat Bush,3.0,930.0,129
4,2.0,1467.0,970000,7001568,24,12,15,12,18,42,Red Beach,4.0,946.0,132
4,1.0,701.0,1000000,7007615,42,33,24,18,12,21,Mount Roskill,9.0,1098.0,150
4,2.0,826.0,980000,7009995,60,21,48,39,27,30,Karaka,1.0,871.0,219
4,2.0,743.0,990000,7009995,60,21,48,39,27,30,Karaka,1.0,871.0,219
3,1.0,272.0,680000,7010203,99,48,30,21,24,15,Papakura,10.0,1194.0,240
6,2.0,672.0,1030000,7009684,57,51,18,15,21,15,Manurewa,9.0,1117.0,183
3,2.0,772.0,920000,7007317,57,15,24,27,30,36,Titirangi,4.0,938.0,183
3,1.0,318.0,600000,7010504,45,42,18,33,27,33,Pukekohe,7.0,1028.0,201
4,2.0,895.0,920000,7002758,18,18,18,15,12,24,Glenfield,6.0,989.0,99
9,5.0,2028.0,1350000,7008648,39,27,21,15,21,21,Papatoetoe,9.0,1105.0,147
3,1.0,371.0,900000,7005199,57,33,36,30,18,15,Mount Eden,6.0,980.0,186
2,2.0,93.0,920000,7005473,0,12,0,0,0,0,Three Kings,7.0,1000.0,30
3,2.0,286.0,1340000,7005473,0,12,0,0,0,0,Three Kings,7.0,1000.0,30
3,1.0,429.0,850000,7004415,33,27,30,15,21,21,Avondale,6.0,984.0,153
3,1.0,623.0,630000,7003539,60,30,18,15,15,27,Ranui,10.0,1150.0,171
6,2.0,479.0,1325000,7002875,51,48,45,27,30,24,Windsor Park,4.0,952.0,222
3,2.0,113.0,1140000,7005463,30,72,24,18,21,15,Mount Eden,5.0,975.0,174
4,2.0,469.0,1745000,7003086,63,36,42,30,30,18,Milford,4.0,951.0,216
3,1.0,898.0,740000,7001158,18,6,9,12,27,48,Leigh,5.0,963.0,117
3,2.0,370.0,1120000,7005250,63,18,21,12,6,18,Mount Roskill,10.0,1213.0,129
3,2.0,120.0,580000,7008656,42,42,30,24,21,21,Papatoetoe,7.0,1004.0,186
3,1.0,422.0,670000,7007252,48,9,15,30,12,21,Glen Eden,6.0,989.0,144
4,3.0,868.0,800000,7004220,45,27,33,24,15,30,Glendene,8.0,1040.0,180
3,1.0,880.0,580000,7009970,33,51,24,15,12,24,Takanini,9.0,1113.0,150
4,2.0,690.0,1175000,7007983,66,33,48,36,27,33,Onehunga,5.0,956.0,237
4,3.0,238.0,800000,7010024,60,66,72,27,21,9,Takanini,3.0,921.0,249
4,2.0,569.0,1325000,7007906,21,21,15,18,27,27,Onehunga,8.0,1033.0,132
4,2.0,8000.0,1510000,7010270,39,27,18,27,45,69,Drury,1.0,893.0,219
4,3.0,8129.0,1620000,7010270,39,27,18,27,45,69,Drury,1.0,893.0,219
3,1.0,447.0,1360000,7005474,51,36,18,24,27,36,Three Kings,4.0,938.0,189
4,2.0,744.0,920000,7002670,36,15,30,21,21,3,Birkenhead,2.0,902.0,129
3,1.0,630.0,870000,7001611,72,27,18,30,33,30,Stanmore Bay,4.0,941.0,213
3,1.0,415.0,660000,7009392,45,45,30,21,18,24,Papatoetoe,8.0,1048.0,183
3,1.0,93.0,850000,7006441,36,27,42,21,6,15,Saint Johns,6.0,991.0,147
3,2.0,804.0,1050000,7002550,30,36,33,21,24,18,Birkdale,3.0,935.0,162
2,1.0,323.0,1625000,7004881,39,33,27,33,33,21,Ponsonby,5.0,962.0,186
3,2.0,810.0,1625000,7007923,39,18,36,18,24,51,Mangere Bridge,4.0,948.0,189
3,2.0,728.0,910000,7008462,15,30,21,12,9,15,Mount Wellington,8.0,1030.0,93
4,3.0,580.0,1175000,7010002,81,15,51,45,21,36,Karaka,1.0,853.0,249
2,2.0,140.0,790000,7006467,21,39,21,12,9,9,Panmure,8.0,1029.0,108
3,2.0,606.0,830000,7001213,51,15,27,27,21,30,Warkworth,4.0,950.0,174
6,4.0,325.0,1825000,7001628,24,15,9,9,21,24,Wade Heads,1.0,896.0,93
4,1.0,175.0,1775000,7006080,39,6,21,18,27,15,Remuera,2.0,902.0,123
4,2.0,663.0,880000,7009901,51,39,24,33,45,39,Conifer Grove,2.0,903.0,231
3,1.0,422.0,520000,7010237,99,33,27,33,18,24,Papakura,10.0,1380.0,237
3,1.0,582.0,470000,7010237,99,33,27,33,18,24,Red Hill,10.0,1380.0,237
4,2.0,292.0,800000,7009107,36,48,36,9,6,0,Flat Bush,4.0,953.0,141
3,2.0,144.0,420000,7009107,36,48,36,9,6,0,Flat Bush,4.0,953.0,141
3,2.0,310.0,1250000,7010364,27,6,18,9,15,24,Paerata,3.0,929.0,96
2,1.0,849.0,2275000,7006050,42,15,21,27,21,39,Orakei,4.0,937.0,168
5,3.0,1032.0,2625000,7006050,42,15,21,27,21,39,Orakei,4.0,937.0,168
3,1.0,446.0,560000,7003521,48,30,27,27,21,21,Massey,8.0,1046.0,177
4,1.0,951.0,680000,7010199,87,48,27,21,33,18,Papakura,9.0,1090.0,237
3,2.0,571.0,670000,7010199,87,48,27,21,33,18,Papakura,9.0,1090.0,237
5,3.0,877.0,1490000,7009906,36,21,12,30,27,42,Conifer Grove,2.0,900.0,168
4,2.0,809.0,830000,7002666,54,36,33,30,15,21,Birkenhead,3.0,926.0,195
7,2.0,333.0,1400000,7005141,24,42,21,12,12,15,Eden Terrace,3.0,937.0,132
3,1.0,1513.0,1005000,7007481,30,15,15,9,12,6,New Lynn,9.0,1092.0,90
3,2.0,528.0,850000,7003976,27,18,21,12,6,18,Te Atatu South,7.0,1021.0,102
3,1.0,636.0,1040000,7006581,57,27,18,15,18,12,Point England,10.0,1191.0,147
5,3.0,417.0,1225000,7009292,39,12,21,21,15,3,Flat Bush,5.0,957.0,111
3,2.0,170.0,630000,7009772,51,39,39,27,18,36,Manurewa,6.0,996.0,210
3,1.0,658.0,990000,7007592,45,45,24,30,18,39,Mount Roskill,6.0,988.0,201
4,2.0,1573.0,825000,7007342,48,9,15,33,18,21,Titirangi,1.0,865.0,135
9,4.0,1843.0,2200000,7006635,30,18,3,18,21,12,Glendowie,4.0,940.0,102
4,2.0,404.0,2050000,7006635,30,18,3,18,21,12,Glendowie,4.0,940.0,102
2,1.0,176.0,1500000,7005093,21,27,21,15,15,48,Freemans Bay,3.0,925.0,147
3,1.0,80.0,960000,7006461,27,12,27,24,18,15,Mount Wellington,6.0,978.0,123
4,2.0,683.0,970000,7006911,69,24,27,33,12,27,Howick,5.0,960.0,195
4,3.0,380.0,2525000,7001771,57,18,27,30,39,54,Dairy Flat,3.0,924.0,219
3,2.0,117.0,1220000,7006097,63,30,42,39,24,30,Remuera,1.0,884.0,219
5,3.0,555.0,1345000,7001859,48,42,30,21,21,30,Oteha,4.0,955.0,189
4,3.0,763.0,4700000,7004701,45,24,15,30,33,39,Herne Bay,1.0,896.0,189
4,2.0,230.0,1100000,7004547,60,24,36,36,24,66,Chatswood,2.0,902.0,249
2,1.0,104.0,1020000,7006346,27,42,24,21,18,27,Stonefields,2.0,898.0,162
3,1.0,600.0,630000,7008964,63,36,24,27,24,30,Clover Park,9.0,1130.0,195
3,2.0,166.0,830000,7007672,81,39,60,30,21,27,Mount Roskill,7.0,1024.0,258
4,2.0,519.0,470000,7010211,123,99,93,39,39,18,Papakura,5.0,963.0,414
5,3.0,528.0,470000,7010211,123,99,93,39,39,18,Papakura,5.0,963.0,414
5,3.0,603.0,480000,7010211,123,99,93,39,39,18,Papakura,5.0,963.0,414
3,1.0,439.0,780000,7009850,45,24,33,27,36,36,Manurewa,4.0,942.0,204
3,1.0,600.0,530000,7009515,78,33,39,24,30,24,Weymouth,10.0,1356.0,225
3,1.0,600.0,530000,7009515,78,33,39,24,30,24,Weymouth,10.0,1356.0,225
3,2.0,368.0,880000,7003789,45,30,15,27,24,36,West Harbour,4.0,940.0,174
3,1.0,1012.0,2112000,7010971,39,6,9,24,18,36,Buckland,3.0,932.0,129
4,4.0,2718.0,9000000,7005974,27,12,6,18,18,36,Remuera,1.0,877.0,114
4,4.0,2718.0,9000000,7005974,27,12,6,18,18,36,Remuera,1.0,877.0,114
4,2.0,191.0,1825000,7006399,48,24,21,30,27,36,St Heliers,3.0,929.0,186
2,2.0,173.0,590000,7008935,24,24,45,15,15,6,East Tamaki,6.0,976.0,132
3,1.0,1070.0,1875000,7006010,48,15,27,27,12,30,Remuera,3.0,932.0,153
3,2.0,586.0,830000,7003938,84,36,36,42,27,30,Massey,9.0,1082.0,255
4,2.0,723.0,1460000,7007837,27,9,9,21,15,30,Mangere Bridge,1.0,895.0,105
2,1.0,90.0,455000,7008426,54,45,33,18,24,18,Papatoetoe,8.0,1067.0,198
5,2.0,260.0,890000,7004156,60,27,24,30,18,18,Te Atatu South,5.0,973.0,186
6,3.0,210.0,1000000,7004156,60,27,24,30,18,18,Te Atatu South,5.0,973.0,186
3,2.0,138.0,1220000,7006422,45,12,24,33,30,48,St Heliers,2.0,902.0,189
1,1.0,59.0,325000,7001725,45,18,21,21,24,24,Parakai,10.0,1163.0,153
4,2.0,846.0,610000,7009434,108,42,39,36,27,33,Weymouth,8.0,1046.0,276
4,2.0,1047.0,1470000,7009263,33,27,15,30,21,42,Somerville,2.0,903.0,168
5,3.0,375.0,1400000,7006032,72,81,60,36,33,27,Ellerslie,8.0,1032.0,306
3,2.0,474.0,1250000,7006032,72,81,60,36,33,27,Penrose,8.0,1032.0,306
7,2.0,2931.0,1600000,7009435,72,42,24,36,33,39,Weymouth,9.0,1099.0,246
3,2.0,261.0,1240000,7006345,66,48,54,33,39,39,Stonefields,1.0,896.0,273
3,2.0,261.0,1240000,7006345,66,48,54,33,39,39,Stonefields,1.0,896.0,273
3,1.0,462.0,860000,7007731,48,48,33,24,33,36,Hillsborough,6.0,979.0,222
5,3.0,701.0,2450000,7005969,45,24,15,27,36,33,Remuera,1.0,888.0,174
3,2.0,400.0,880000,7009036,42,12,24,21,18,18,East Tamaki,5.0,972.0,135
4,2.0,550.0,780000,7002447,42,27,36,18,12,12,Beach Haven,3.0,934.0,147
5,2.0,650.0,950000,7009985,27,27,18,27,36,45,Takanini,2.0,910.0,174
4,1.0,140.0,775000,7003702,42,18,15,27,24,24,Henderson,8.0,1036.0,153
3,2.0,137.0,870000,7006419,54,27,21,39,27,45,St Heliers,3.0,929.0,216
4,1.0,160.0,830000,7004159,66,51,33,24,24,27,Te Atatu South,7.0,1001.0,228
4,2.0,922.0,860000,7004028,102,39,45,36,15,36,Sunnyvale,8.0,1061.0,279
3,2.0,114.0,725000,7004028,102,39,45,36,15,36,Sunnyvale,8.0,1061.0,279
5,3.0,686.0,1735000,7004203,39,27,24,15,27,15,Te Atatu Peninsula,1.0,891.0,147
3,1.0,1012.0,850000,7007167,63,36,42,36,27,30,Glen Eden,9.0,1119.0,231
5,3.0,470.0,1400000,7007066,60,9,18,48,21,30,Beachlands,1.0,863.0,180
5,3.0,490.0,1350000,7007066,60,9,18,48,21,30,Beachlands,1.0,863.0,180
5,2.0,569.0,980000,7001403,36,12,9,27,15,27,Wainui,4.0,950.0,129
4,2.0,550.0,1025000,7009928,201,99,168,114,81,120,Karaka,1.0,897.0,789
3,2.0,220.0,810000,7009928,201,99,168,114,81,120,Karaka,1.0,897.0,789
5,3.0,404.0,1250000,7009304,69,42,60,30,24,30,Flat Bush,1.0,894.0,255
3,1.0,154.0,820000,7009025,30,18,36,21,12,12,East Tamaki,5.0,965.0,123
3,1.0,952.0,670000,7003540,57,27,30,18,12,15,Ranui,9.0,1127.0,159
4,2.0,1074.0,3200000,7005559,33,27,24,9,39,54,Epsom,1.0,877.0,183
4,2.0,161.0,860000,7002301,51,36,57,18,6,12,Hobsonville,1.0,880.0,174
3,1.0,473.0,2275000,7004901,57,21,15,30,15,18,Herne Bay,4.0,938.0,153
4,2.0,170.0,920000,7002794,39,36,36,18,30,48,Glenfield,5.0,958.0,198
4,2.0,689.0,1075000,7004406,12,9,12,21,15,48,Avondale,8.0,1052.0,117
3,1.0,348.0,1025000,7004406,12,9,12,21,15,48,Avondale,8.0,1052.0,117
4,2.0,15230.0,1325000,7001370,36,12,9,24,21,18,Helensville,2.0,917.0,123
4,2.0,260.0,1275000,7003415,24,12,9,21,12,27,Waitakere,3.0,930.0,111
2,1.0,106.0,740000,7007570,0,3,0,3,0,231,Blockhouse Bay,7.0,1023.0,243
5,3.0,310.0,1525000,7003148,57,21,27,27,27,27,Campbells Bay,2.0,913.0,177
3,1.0,345.0,990000,7003063,57,48,42,33,24,15,Forrest Hill,6.0,980.0,219
4,2.0,523.0,1225000,7007593,24,15,12,12,18,33,Mount Roskill,4.0,950.0,123
3,1.0,616.0,985000,7004492,42,51,45,33,15,12,Waterview,4.0,951.0,198
4,2.0,1012.0,960000,7010519,24,12,9,12,24,27,Pukekohe,2.0,905.0,108
4,3.0,600.0,820000,7009719,57,18,30,18,24,39,Wattle Downs,6.0,982.0,186
3,1.0,120.0,780000,7009752,72,27,42,36,21,36,Totara Heights,4.0,939.0,231
3,2.0,703.0,1380000,7006719,54,21,27,36,24,60,Half Moon Bay,2.0,912.0,216
4,2.0,984.0,720000,7009781,39,27,21,24,21,21,Manurewa,5.0,965.0,150
3,2.0,386.0,540000,7003657,36,33,27,15,15,15,Massey,9.0,1109.0,144
4,3.0,222.0,1800000,7005727,18,42,33,9,12,15,Remuera,5.0,968.0,129
3,2.0,170.0,940000,7005577,21,21,21,9,15,6,Epsom,6.0,984.0,90
3,2.0,400.0,940000,7002422,60,18,42,39,24,33,Beach Haven,4.0,945.0,210
3,2.0,400.0,940000,7002422,60,18,42,39,24,33,Beach Haven,4.0,945.0,210
3,1.0,152.0,1160000,7006072,72,15,33,33,24,48,Remuera,1.0,870.0,219
3,3.0,922.0,1650000,7004545,30,30,27,27,24,48,Chatswood,6.0,976.0,189
4,3.0,428.0,960000,7001695,60,15,21,33,33,63,Gulf Harbour,6.0,977.0,225
4,1.0,5088.0,1900000,7001715,36,6,9,18,33,39,Army Bay,1.0,882.0,141
4,3.0,523.0,570000,7011028,9,18,12,6,21,18,Pokeno,1.0,893.0,87
4,2.0,507.0,850000,7010975,72,27,18,24,27,6,Tuakau,8.0,1053.0,177
2,1.0,70.0,670000,7006853,33,18,12,12,21,33,Howick,7.0,1008.0,132
3,2.0,167.0,1650000,7005981,39,12,12,24,21,24,Remuera,2.0,919.0,123
4,2.0,956.0,990000,7004659,66,60,42,30,24,24,New Windsor,7.0,1026.0,255
3,1.0,822.0,990000,7002759,27,15,33,15,9,15,Glenfield,6.0,989.0,117
4,1.0,613.0,650000,7009491,96,27,42,15,15,24,Clendon Park,10.0,1324.0,219
2,1.0,814.0,750000,7003531,45,36,30,27,18,21,Massey,9.0,1109.0,171
3,1.0,718.0,650000,7008379,66,48,36,30,21,36,Otahuhu,10.0,1197.0,240
3,1.0,1358.0,1820000,7004376,33,21,33,36,30,21,Waterview,2.0,901.0,174
2,1.0,365.0,1175000,7005916,30,42,33,12,6,24,Greenlane,6.0,994.0,141
3,2.0,314.0,1140000,7006363,48,15,30,36,9,21,Mount Wellington,5.0,960.0,159
4,2.0,872.0,1245000,7007062,48,3,15,30,12,9,Beachlands,1.0,858.0,105
3,2.0,388.0,680000,7003777,39,30,21,15,15,9,West Harbour,8.0,1064.0,129
5,3.0,416.0,2300000,7006416,48,12,24,30,18,39,St Heliers,3.0,923.0,177
4,3.0,254.0,2175000,7004622,36,21,24,30,18,24,Mount Albert,5.0,959.0,147
4,3.0,254.0,2775000,7004622,36,21,24,30,18,24,Mount Albert,5.0,959.0,147
6,3.0,602.0,6400000,7005846,36,6,6,18,21,30,Remuera,1.0,881.0,129
3,2.0,742.0,950000,7003490,36,27,21,24,27,36,Ranui,3.0,926.0,171
3,2.0,186.0,900000,7007767,78,42,54,36,30,42,Hillsborough,5.0,975.0,270
4,3.0,204.0,640000,7008282,69,36,15,21,12,15,Mangere East,9.0,1099.0,165
4,3.0,204.0,640000,7008282,69,36,15,21,12,15,Mangere East,9.0,1099.0,165
4,2.0,902.0,2450000,7006644,39,15,9,27,30,27,Glendowie,2.0,907.0,141
3,1.0,921.0,1600000,7006644,39,15,9,27,30,27,Wai O Taiki Bay,2.0,907.0,141
3,1.0,714.0,1450000,7004584,63,21,21,36,33,18,Point Chevalier,3.0,922.0,189
5,3.0,1501.0,1730000,7007094,15,15,3,15,36,33,Kawakawa Bay,3.0,931.0,120
4,2.0,2566.0,1250000,7010325,90,21,63,48,27,48,Patumahoe,1.0,871.0,291
4,2.0,695.0,930000,7010325,90,21,63,48,27,48,Patumahoe,1.0,871.0,291
3,1.0,150.0,710000,7007358,57,42,27,33,24,33,New Lynn,8.0,1034.0,207
4,2.0,133.0,1280000,7004990,57,30,15,27,30,15,Sandringham,6.0,977.0,174
2,1.0,359.0,1400000,7005389,30,27,39,21,6,12,Mount Eden,6.0,993.0,141
4,2.0,400.0,1800000,7006292,33,6,12,18,21,36,Kohimarama,1.0,890.0,132
3,2.0,1618.0,1080000,7003392,39,9,24,21,24,51,Onetangi,6.0,989.0,171
4,2.0,253.0,720000,7009753,45,33,24,21,30,30,Totara Heights,4.0,941.0,186
4,2.0,2856.0,1270000,7007210,54,12,15,30,24,18,Titirangi,2.0,915.0,153
7,4.0,399.0,1450000,7009312,126,72,90,51,36,42,Flat Bush,5.0,956.0,414
4,2.0,115.0,1000000,7005056,57,36,30,18,15,24,Wesley,9.0,1128.0,183
3,3.0,635.0,710000,7009455,96,39,21,33,15,21,Manurewa,10.0,1218.0,225
4,2.0,600.0,1055000,7002590,66,33,39,27,42,51,Unsworth Heights,2.0,906.0,255
5,2.0,883.0,1560000,7006877,30,15,12,18,39,45,Eastern Beach,3.0,929.0,162
3,2.0,130.0,720000,7004733,21,39,39,21,21,12,Grey Lynn,5.0,959.0,156
5,5.0,659.0,1750000,7001456,66,21,21,33,18,18,Silverdale,3.0,921.0,174
5,4.0,557.0,1675000,7001929,27,12,21,21,12,21,Long Bay,2.0,909.0,117
5,4.0,608.0,2075000,7001929,27,12,21,21,12,21,Long Bay,2.0,909.0,117
4,1.0,862.0,1000000,7003355,30,24,15,24,21,24,Surfdale,4.0,939.0,144
3,1.0,1055.0,830000,7003355,30,24,15,24,21,24,Surfdale,4.0,939.0,144
3,2.0,402.0,710000,7007169,57,18,36,33,15,18,Glen Eden,7.0,1004.0,174
3,1.0,701.0,1425000,7004963,48,54,51,27,12,12,Morningside,5.0,969.0,201
3,2.0,256.0,3275000,7005843,12,12,6,9,15,33,Remuera,1.0,885.0,87
3,1.0,285.0,880000,7006221,36,27,27,24,9,33,Remuera,3.0,935.0,168
5,4.0,452.0,1175000,7001429,36,6,12,27,18,33,Orewa,1.0,856.0,141
2,1.0,605.0,640000,7003489,66,21,33,27,6,9,Swanson,10.0,1162.0,153
3,1.0,1343.0,1335000,7004336,66,42,33,27,21,21,Avondale,9.0,1132.0,216
5,3.0,766.0,965000,7010149,87,45,57,45,30,45,Rosehill,2.0,916.0,312
4,1.0,1437.0,920000,7002193,30,12,12,18,15,15,Huapai,1.0,888.0,108
4,2.0,702.0,1150000,7002170,84,30,54,36,42,42,Kumeu,1.0,857.0,291
4,2.0,451.0,1260000,7007264,75,18,18,51,33,24,Titirangi,1.0,889.0,228
2,2.0,123.0,18000000,7005755,3,9,15,6,15,21,Epsom,4.0,950.0,60
5,4.0,505.0,1600000,7006015,33,18,24,30,30,21,Ellerslie,7.0,1017.0,150
4,2.0,221.0,720000,7008064,123,51,48,27,24,21,Mangere,9.0,1117.0,300
4,2.0,191.0,530000,7002267,60,66,60,24,24,18,Hobsonville,2.0,911.0,252
2,1.0,80.0,580000,7008292,54,30,39,15,27,39,Mangere East,8.0,1043.0,201
3,2.0,1528.0,770000,7007165,27,3,18,30,15,12,Laingholm,2.0,909.0,108
1,1.0,54.0,560000,7005288,6,63,60,18,18,18,Auckland Central,4.0,945.0,183
4,1.0,2342.0,1360000,7007292,36,15,9,21,21,33,Titirangi,2.0,905.0,138
3,1.0,1884.0,720000,7003426,33,24,15,24,39,36,Swanson,4.0,943.0,156
4,2.0,847.0,2000000,7006898,45,27,24,24,42,45,Howick,2.0,918.0,210
5,3.0,1629.0,2300000,7006898,45,27,24,24,42,45,Howick,2.0,918.0,210
3,1.0,293.0,700000,7007635,66,45,39,30,24,27,Lynfield,5.0,962.0,222
6,4.0,409.0,1375000,7009087,117,81,90,60,27,39,Flat Bush,2.0,905.0,423
4,2.0,650.0,870000,7006591,21,9,15,3,24,12,Panmure,10.0,1182.0,87
4,2.0,815.0,1425000,7007031,57,12,6,45,30,33,Beachlands,1.0,850.0,177
4,3.0,275.0,1825000,7004858,12,24,36,15,27,45,Saint Marys Bay,2.0,911.0,159
3,1.0,1300.0,3600000,7004858,12,24,36,15,27,45,Saint Marys Bay,2.0,911.0,159
3,2.0,179.0,1575000,7004944,30,33,33,18,15,15,Grey Lynn,2.0,902.0,135
3,1.0,89.0,410000,7001718,36,21,30,24,21,36,Gulf Harbour,8.0,1049.0,165
4,2.0,644.0,1100000,7009287,108,39,72,69,30,33,Flat Bush,2.0,906.0,351
5,3.0,539.0,1225000,7009287,108,39,72,69,30,33,Flat Bush,2.0,906.0,351
3,1.0,451.0,640000,7003661,57,21,36,21,15,18,Massey,7.0,1004.0,168
3,2.0,1006.0,870000,7002430,48,21,24,30,18,21,Beach Haven,8.0,1055.0,168
3,2.0,809.0,1325000,7006944,27,9,12,12,12,45,Mellons Bay,3.0,931.0,117
3,1.0,80.0,500000,7008027,93,39,18,24,24,24,Mangere,10.0,1216.0,225
3,1.0,556.0,1950000,7004935,33,39,39,21,27,9,Grey Lynn,4.0,946.0,165
5,2.0,471.0,2075000,7004935,33,39,39,21,27,9,Grey Lynn,4.0,946.0,165
4,3.0,195.0,1450000,7005693,30,51,48,21,15,15,Parnell,5.0,956.0,180
4,2.0,1603.0,740000,7010283,57,30,24,27,21,39,Hunua,3.0,929.0,207
4,2.0,574.0,1000000,7009609,117,36,69,57,51,42,Wattle Downs,3.0,926.0,381
3,1.0,89.0,420000,7003952,45,30,21,21,18,21,Te Atatu South,7.0,1006.0,156
4,1.0,814.0,840000,7003952,45,30,21,21,18,21,Te Atatu South,7.0,1006.0,156
3,1.0,90.0,600000,7003952,45,30,21,21,18,21,Te Atatu South,7.0,1006.0,156
3,1.0,80.0,450000,7009446,75,54,24,27,15,30,Manurewa,9.0,1114.0,228
5,3.0,581.0,1100000,7001488,24,12,9,12,15,36,Orewa,7.0,1011.0,111
2,1.0,79.0,820000,7006220,33,24,27,30,6,18,Remuera,4.0,953.0,132
3,1.0,360.0,660000,7008085,57,24,27,18,21,27,Favona,10.0,1168.0,177
5,2.0,650.0,1325000,7009011,39,27,30,21,27,27,Golflands,2.0,909.0,171
4,2.0,675.0,1150000,7006910,48,33,30,21,24,21,Howick,6.0,999.0,177
4,3.0,150.0,990000,7002962,27,15,36,18,15,30,Northcote,2.0,905.0,147
5,3.0,315.0,1100000,7002238,66,162,63,24,12,21,Whenuapai,3.0,924.0,351
2,2.0,103.0,750000,7005364,15,57,72,18,6,6,Eden Terrace,4.0,940.0,174
4,3.0,450.0,1280000,7006891,39,12,18,21,33,30,Bucklands Beach,3.0,927.0,150
3,2.0,140.0,900000,7002059,36,33,33,30,30,51,Torbay,3.0,935.0,207
4,2.0,974.0,1380000,7006767,33,12,9,21,30,30,Bucklands Beach,6.0,983.0,138
3,2.0,178.0,1195000,7008816,75,39,51,30,27,33,Pakuranga Heights,6.0,986.0,258
3,2.0,1077.0,1025000,7004332,33,30,24,27,12,18,Avondale,7.0,1012.0,147
4,1.0,550.0,850000,7004332,33,30,24,27,12,18,Avondale,7.0,1012.0,147
4,3.0,417.0,1260000,7006919,30,15,12,15,18,57,Howick,6.0,996.0,147
3,1.0,80.0,500000,7009658,78,90,48,24,24,30,Manurewa,9.0,1100.0,291
5,4.0,1047.0,3000000,7001722,27,18,27,12,9,33,Gulf Harbour,1.0,886.0,129
4,2.0,576.0,1900000,7006174,39,15,27,33,18,42,Mission Bay,2.0,918.0,171
3,1.0,335.0,540000,7003825,57,24,24,30,15,12,Massey,10.0,1143.0,165
3,1.0,80.0,480000,7008409,63,39,39,21,15,12,Papatoetoe,9.0,1087.0,189
3,1.0,70.0,490000,7008227,60,30,27,21,12,27,Mangere,10.0,1191.0,177
4,1.0,129.0,1775000,7004514,33,21,15,27,15,21,Mount Albert,3.0,937.0,126
3,1.0,80.0,500000,7008037,96,27,39,33,27,24,Mangere,9.0,1130.0,249
3,1.0,495.0,690000,7007316,24,6,24,15,6,15,Titirangi,5.0,968.0,105
4,2.0,848.0,890000,7009845,45,39,24,21,36,27,Manurewa,4.0,943.0,195
2,1.0,90.0,630000,7004846,24,18,15,15,30,30,Birkenhead,2.0,907.0,135
3,1.0,86.0,490000,7005469,9,21,15,18,3,42,Three Kings,7.0,1000.0,111
4,4.0,697.0,1425000,7005232,24,33,27,15,12,9,Mount Roskill,7.0,999.0,117
5,5.0,415.0,2300000,7002080,48,39,24,30,33,27,Rothesay Bay,2.0,913.0,198
3,1.0,73.0,650000,7004527,45,30,30,21,21,24,New Windsor,7.0,1015.0,168
3,1.0,90.0,495000,7009543,66,45,27,12,27,30,Manurewa,10.0,1193.0,198
5,4.0,740.0,2625000,7006333,45,24,6,33,27,39,Saint Johns,1.0,889.0,171
5,2.0,809.0,1100000,7008515,78,63,60,27,30,48,Papatoetoe,7.0,1020.0,306
5,3.0,1310.0,3900000,7005561,90,33,12,15,27,45,Epsom,2.0,918.0,219
4,3.0,303.0,1160000,7004216,39,12,24,24,12,24,Te Atatu Peninsula,7.0,1029.0,138
3,1.0,675.0,980000,7004216,39,12,24,24,12,24,Te Atatu Peninsula,7.0,1029.0,138
4,2.0,502.0,1150000,7002280,60,36,18,36,42,36,West Harbour,1.0,886.0,213
3,1.0,80.0,580000,7008448,57,45,33,21,18,21,Mount Wellington,10.0,1175.0,195
3,1.0,353.0,1450000,7008765,33,39,21,12,21,3,Papatoetoe,10.0,1166.0,135
5,3.0,325.0,660000,7009314,21,18,9,15,6,6,Flat Bush,7.0,1010.0,78
7,5.0,398.0,700000,7009314,21,18,9,15,6,6,Flat Bush,7.0,1010.0,78
7,5.0,428.0,1475000,7009314,21,18,9,15,6,6,Flat Bush,7.0,1010.0,78
5,4.0,325.0,660000,7009314,21,18,9,15,6,6,Flat Bush,7.0,1010.0,78
5,4.0,325.0,660000,7009314,21,18,9,15,6,6,Flat Bush,7.0,1010.0,78
4,2.0,180.0,1625000,7005832,57,27,15,18,30,27,Remuera,4.0,937.0,180
5,3.0,632.0,4650000,7005079,30,15,24,36,39,51,Saint Marys Bay,2.0,902.0,198
3,1.0,383.0,750000,7003775,69,21,42,18,9,6,West Harbour,8.0,1047.0,162
3,2.0,391.0,2125000,7005719,24,24,18,18,24,12,Remuera,1.0,885.0,123
3,2.0,314.0,280000,7010468,87,60,81,45,39,42,Pukekohe,5.0,957.0,345
4,2.0,556.0,740000,7001328,57,15,27,33,30,105,Snells Beach,5.0,961.0,261
3,2.0,810.0,810000,7001328,57,15,27,33,30,105,Snells Beach,5.0,961.0,261
6,3.0,852.0,1325000,7001700,45,15,24,33,39,54,Army Bay,1.0,894.0,210
3,1.0,141.0,1300000,7006154,27,24,24,15,18,24,Orakei,5.0,961.0,135
4,1.0,808.0,840000,7009903,33,15,12,15,21,33,Conifer Grove,3.0,931.0,132
5,3.0,1148.0,4000000,7006673,45,15,9,27,21,45,Glendowie,2.0,898.0,165
3,2.0,985.0,1425000,7010984,30,12,15,18,15,27,Tuakau,5.0,956.0,117
4,2.0,433.0,670000,7010984,30,12,15,18,15,27,Tuakau,5.0,956.0,117
4,3.0,628.0,1650000,7006127,39,27,27,30,15,12,Ellerslie,5.0,964.0,147
4,2.0,809.0,1425000,7006939,39,15,15,18,33,45,Mellons Bay,3.0,924.0,159
3,1.0,392.0,530000,7010357,45,27,33,15,24,39,Pukekohe,9.0,1097.0,180
5,4.0,1272.0,4300000,7005821,39,18,12,18,30,30,Remuera,4.0,938.0,150
4,3.0,408.0,920000,7003619,84,51,69,60,36,39,Massey,2.0,914.0,333
2,2.0,80.0,700000,7005291,57,270,138,30,15,18,Auckland Central,8.0,1036.0,522
2,2.0,80.0,430000,7005291,57,270,138,30,15,18,Auckland Central,8.0,1036.0,522
4,1.0,969.0,670000,7008126,42,27,12,12,12,9,Mangere,10.0,1209.0,114
4,2.0,101.0,900000,7004358,33,60,45,24,27,36,New Lynn,8.0,1046.0,225
4,2.0,122.0,920000,7004358,33,60,45,24,27,36,New Lynn,8.0,1046.0,225
4,2.0,176.0,940000,7004358,33,60,45,24,27,36,New Lynn,8.0,1046.0,225
4,2.0,101.0,900000,7004358,33,60,45,24,27,36,New Lynn,8.0,1046.0,225
4,2.0,405.0,500000,7008092,72,27,15,24,18,6,Favona,9.0,1088.0,162
3,2.0,108.0,1000000,7008640,63,72,42,30,21,48,Papatoetoe,7.0,1010.0,279
7,2.0,2410.0,600000,7010037,54,42,33,21,15,24,Takanini,9.0,1132.0,192
3,2.0,89.0,2075000,7006043,36,24,27,18,27,39,Orakei,10.0,1143.0,171
3,2.0,89.0,2075000,7006043,36,24,27,18,27,39,Orakei,10.0,1143.0,171
4,2.0,943.0,1790000,7006986,54,18,15,33,24,39,Mellons Bay,2.0,915.0,186
3,1.0,685.0,1260000,7006096,48,24,24,39,27,27,Remuera,4.0,943.0,195
4,2.0,214.0,1360000,7006096,48,24,24,39,27,27,Remuera,4.0,943.0,195
3,1.0,1445.0,640000,7010436,54,15,21,24,24,36,Waiuku,7.0,1021.0,171
6,3.0,622.0,1150000,7008990,60,45,42,33,24,18,Flat Bush,7.0,1011.0,213
5,4.0,1998.0,7000000,7006417,51,27,9,21,42,51,St Heliers,1.0,851.0,192
5,4.0,818.0,3600000,7006417,51,27,9,21,42,51,St Heliers,1.0,851.0,192
4,3.0,399.0,1175000,7007739,66,57,63,24,33,54,Mount Roskill,8.0,1032.0,297
8,4.0,990.0,1250000,7007739,66,57,63,24,33,54,Mount Roskill,8.0,1032.0,297
5,3.0,842.0,1125000,7007739,66,57,63,24,33,54,Mount Roskill,8.0,1032.0,297
3,1.0,875.0,835000,7003862,54,30,27,27,15,21,Henderson,9.0,1074.0,183
3,1.0,406.0,1450000,7005203,36,27,21,27,12,24,Mount Eden,4.0,942.0,150
3,2.0,187.0,2750000,7005662,42,24,27,27,21,57,Parnell,1.0,886.0,195
3,2.0,402.0,1050000,7006905,21,18,3,15,15,24,Howick,3.0,936.0,96
2,1.0,71.0,560000,7008768,33,21,21,18,12,21,Papatoetoe,8.0,1065.0,126
4,1.0,690.0,650000,7008118,69,15,27,30,15,12,Mangere East,10.0,1139.0,168
3,1.0,825.0,765000,7009405,30,30,12,12,3,6,Papatoetoe,8.0,1060.0,105
4,1.0,818.0,550000,7009580,84,39,33,27,21,24,Manurewa,10.0,1217.0,222
3,1.0,90.0,490000,7010014,75,36,24,30,24,24,Takanini,10.0,1162.0,225
3,1.0,842.0,830000,7004279,54,24,24,27,33,24,Kelston,6.0,977.0,183
4,2.0,761.0,1575000,7001676,30,6,15,12,18,30,Tindalls Beach,4.0,942.0,111
2,1.0,755.0,960000,7001676,30,6,15,12,18,30,Tindalls Beach,4.0,942.0,111
3,1.0,602.0,1550000,7004943,21,54,33,21,15,24,Grey Lynn,7.0,1010.0,174
3,1.0,658.0,695000,7002434,48,15,12,18,15,9,Beach Haven,8.0,1051.0,117
5,2.0,880.0,1875000,7006191,21,9,12,15,18,27,Meadowbank,1.0,874.0,102
4,3.0,1750.0,6500000,7006420,42,21,12,21,39,39,St Heliers,1.0,873.0,174
4,3.0,1531.0,3550000,7006420,42,21,12,21,39,39,St Heliers,1.0,873.0,174
3,1.0,675.0,540000,7009670,72,36,24,18,15,18,Manurewa,10.0,1216.0,177
2,1.0,921.0,920000,7003374,30,15,9,24,15,30,Ostend,7.0,1008.0,123
4,4.0,567.0,1750000,7009990,33,12,15,21,18,30,Karaka,1.0,885.0,129
4,2.0,607.0,1300000,7006114,42,12,36,24,12,33,Ellerslie,3.0,935.0,153
4,1.0,1014.0,2550000,7006814,54,9,18,30,36,51,Half Moon Bay,4.0,946.0,201
4,3.0,734.0,1350000,7006723,51,21,18,30,21,21,Half Moon Bay,5.0,965.0,162
5,4.0,336.0,545000,7002304,33,30,24,15,12,18,Hobsonville,4.0,944.0,135
5,3.0,244.0,2325000,7009582,90,33,24,21,21,3,Manurewa,10.0,1141.0,192
4,2.0,594.0,1100000,7009039,33,18,15,27,12,21,East Tamaki,4.0,956.0,126
4,2.0,784.0,1825000,7004975,27,66,72,30,12,18,Sandringham,3.0,934.0,228
5,3.0,202.0,1450000,7009388,63,39,36,9,15,6,Papatoetoe,10.0,1174.0,168
4,2.0,469.0,1725000,7005966,45,30,15,24,21,27,Remuera,2.0,909.0,168
3,1.0,690.0,1150000,7006699,45,12,15,33,12,15,Sunnyhills,3.0,921.0,135
3,2.0,238.0,2450000,7006413,36,18,9,21,27,66,St Heliers,3.0,935.0,174
3,2.0,1191.0,2100000,7009923,30,18,18,21,27,30,Karaka,1.0,895.0,147
4,3.0,572.0,1550000,7009923,30,18,18,21,27,30,Karaka,1.0,895.0,147
2,1.0,5210.0,730000,7001365,39,24,18,24,27,30,Helensville,4.0,942.0,162
4,2.0,450.0,1125000,7002271,12,12,9,6,9,75,Hobsonville,7.0,1010.0,129
4,2.0,130.0,650000,7009644,78,42,39,24,24,21,Manurewa,8.0,1037.0,228
3,1.0,81.0,830000,7002686,36,36,33,27,27,30,Pinehill,5.0,968.0,183
2,1.0,84.0,1060000,7005958,15,27,12,6,30,27,Orakei,3.0,923.0,120
4,2.0,417.0,1325000,7009157,15,9,15,3,15,483,Dannemora,6.0,992.0,534
3,1.0,361.0,600000,7009911,51,36,24,18,6,18,Takanini,7.0,1023.0,150
4,2.0,5175.0,2300000,7003376,39,21,15,30,24,60,Ostend,1.0,893.0,189
5,2.0,174.0,1090000,7004673,36,36,27,12,15,27,New Windsor,8.0,1053.0,147
6,4.0,465.0,2075000,7010456,42,15,18,27,21,33,Mauku,5.0,962.0,150
3,1.0,110.0,530000,7009794,54,33,27,27,12,12,Manurewa,10.0,1228.0,162
5,3.0,589.0,1130000,7009942,48,36,27,21,27,24,The Gardens,3.0,927.0,183
4,2.0,451.0,835000,7007315,42,21,21,24,21,21,Titirangi,6.0,980.0,150
6,3.0,1265.0,1690000,7009717,42,21,18,15,12,42,Wattle Downs,5.0,956.0,150
3,1.0,100.0,612000,7004150,48,24,39,21,24,33,Te Atatu South,9.0,1079.0,189
5,3.0,1405.0,1100000,7002619,54,54,42,21,27,30,Glenfield,3.0,937.0,231
2,1.0,70.0,510000,7008326,36,42,36,30,12,15,Mount Wellington,3.0,925.0,180
5,3.0,536.0,980000,7008619,45,24,30,15,18,6,Papatoetoe,8.0,1056.0,141
5,2.0,819.0,3075000,7005989,30,9,6,24,24,18,Remuera,1.0,856.0,114
4,2.0,612.0,1000000,7001514,48,3,12,33,15,24,Red Beach,1.0,850.0,132
5,4.0,354.0,1275000,7009309,108,63,93,63,30,51,Flat Bush,1.0,889.0,408
2,1.0,85.0,740000,7006171,18,18,9,15,18,36,Mission Bay,3.0,929.0,111
4,4.0,827.0,5300000,7006171,18,18,9,15,18,36,Mission Bay,3.0,929.0,111
5,3.0,479.0,2550000,7006159,54,18,15,15,21,27,Orakei,9.0,1124.0,156
4,3.0,277.0,1725000,7006118,48,33,48,30,18,27,Ellerslie,3.0,932.0,204
4,3.0,543.0,3500000,7006474,66,18,30,33,39,45,St Heliers,1.0,893.0,228
3,2.0,449.0,3100000,7006474,66,18,30,33,39,45,St Heliers,1.0,893.0,228
1,1.0,70.0,445000,7009597,120,42,42,27,27,33,Weymouth,10.0,1176.0,291
2,2.0,809.0,750000,7007109,84,21,45,54,51,60,Huia,4.0,940.0,321
3,2.0,130.0,1575000,7005883,57,30,30,30,33,21,Greenlane,4.0,944.0,207
4,2.0,1055.0,1500000,7007629,51,33,27,27,21,39,Mount Roskill,5.0,973.0,201
4,2.0,11759.0,1700000,7001807,18,9,9,9,21,15,Albany Heights,2.0,907.0,84
2,2.0,1051.0,1275000,7007771,24,33,24,15,21,15,Hillsborough,4.0,948.0,132
4,1.0,566.0,660000,7008296,78,39,33,27,30,21,Mangere East,8.0,1067.0,228
3,1.0,919.0,640000,7007517,48,42,33,27,36,39,Blockhouse Bay,4.0,951.0,213
4,3.0,150.0,999000,7004665,27,27,21,18,24,12,New Windsor,7.0,1018.0,141
4,2.0,150.0,999000,7004665,27,27,21,18,24,12,New Windsor,7.0,1018.0,141
3,1.0,5638.0,580000,7001130,39,9,18,24,24,42,Great Barrier Island (Aotea Island),9.0,1093.0,153
3,2.0,373.0,820000,7008620,45,30,27,21,18,15,Papatoetoe,9.0,1097.0,165
4,4.0,603.0,3700000,7005467,36,15,6,21,18,30,Epsom,1.0,883.0,135
5,2.0,1203.0,660000,7005467,36,15,6,21,18,30,Mount Eden,1.0,883.0,135
3,3.0,541.0,1600000,7005467,36,15,6,21,18,30,Epsom,1.0,883.0,135
4,2.0,718.0,850000,7010134,54,18,24,33,30,51,Opaheke,6.0,985.0,210
6,4.0,1284.0,4400000,7005859,30,30,3,15,15,18,Remuera,6.0,998.0,108
2,2.0,1232.0,1850000,7003344,21,9,12,21,18,48,Oneroa,4.0,951.0,126
4,3.0,928.0,3550000,7005837,66,12,3,33,45,36,Remuera,1.0,877.0,198
3,1.0,90.0,540000,7010192,81,48,45,27,30,27,Papakura,9.0,1091.0,261
4,2.0,872.0,900000,7009748,45,36,24,24,39,42,Totara Heights,3.0,934.0,207
4,2.0,782.0,1550000,7006690,42,12,12,27,27,27,Sunnyhills,2.0,909.0,159
4,3.0,309.0,920000,7009834,21,0,6,21,12,15,Karaka,5.0,965.0,75
5,3.0,480.0,1500000,7002020,57,24,36,30,30,24,Long Bay,2.0,902.0,198
5,3.0,465.0,1450000,7002020,57,24,36,30,30,24,Long Bay,2.0,902.0,198
5,4.0,488.0,610000,7006054,24,15,18,18,18,33,Orakei,6.0,979.0,126
1,1.0,4737.0,710000,7003365,27,9,18,18,24,48,Palm Beach,6.0,989.0,144
3,1.0,1464.0,1175000,7008659,51,39,30,21,21,30,Papatoetoe,8.0,1063.0,195
4,2.0,1019.0,1000000,7009843,45,27,21,21,42,42,The Gardens,3.0,921.0,189
4,2.0,771.0,1030000,7009843,45,27,21,21,42,42,The Gardens,3.0,921.0,189
3,2.0,874.0,840000,7008422,39,30,30,9,9,9,Papatoetoe,9.0,1116.0,120
4,2.0,1061.0,1025000,7001688,45,12,15,27,30,51,Gulf Harbour,2.0,899.0,171
3,2.0,985.0,1125000,7001939,51,36,24,42,30,18,Torbay,3.0,931.0,201
5,3.0,20226.0,2975000,7010010,51,24,21,18,27,30,Takanini,9.0,1084.0,174
3,1.0,1292.0,5200000,7004702,45,9,12,33,30,24,Herne Bay,2.0,912.0,159
4,2.0,2861.0,1250000,7004025,42,33,27,21,15,15,Sunnyvale,7.0,1011.0,147
2,1.0,104.0,800000,7006208,12,12,9,9,12,90,Saint Johns,1.0,887.0,150
3,2.0,619.0,860000,7009712,27,6,15,15,9,30,Wattle Downs,2.0,901.0,99
3,1.0,70.0,475000,7008371,57,36,39,27,30,39,Otahuhu,10.0,1241.0,225
3,2.0,905.0,1175000,7007832,42,21,33,27,21,36,Mangere Bridge,4.0,944.0,189
3,2.0,238.0,3375000,7005964,27,15,3,12,24,30,Remuera,5.0,970.0,105
5,4.0,274.0,1050000,7009698,102,24,27,21,9,15,Wattle Downs,10.0,1286.0,201
3,2.0,714.0,640000,7009799,36,36,24,18,9,21,Manurewa,9.0,1137.0,138
3,2.0,714.0,640000,7009799,36,36,24,18,9,21,Manurewa,9.0,1137.0,138
3,1.0,675.0,580000,7009799,36,36,24,18,9,21,Manurewa,9.0,1137.0,138
3,1.0,607.0,1060000,7006443,51,30,45,30,21,27,Saint Johns,7.0,1026.0,189
6,3.0,515.0,810000,7010041,84,45,21,21,21,33,Takanini,10.0,1256.0,231
5,3.0,208.0,350000,7009479,69,30,24,15,18,9,Manurewa,10.0,1240.0,156
4,2.0,382.0,2450000,7006179,36,15,12,15,30,27,Mission Bay,1.0,883.0,132
3,1.0,100.0,640000,7007193,60,24,33,30,21,12,Glen Eden,9.0,1115.0,177
3,1.0,245.0,690000,7010987,75,30,21,18,9,9,Tuakau,10.0,1243.0,162
3,1.0,80.0,510000,7009645,54,33,24,15,21,21,Manurewa,8.0,1030.0,162
5,3.0,575.0,2575000,7006083,39,18,27,21,21,33,Remuera,1.0,870.0,162
5,3.0,698.0,2100000,7006083,39,18,27,21,21,33,Remuera,1.0,870.0,162
4,3.0,555.0,800000,7010523,63,27,36,21,18,12,Pukekohe,5.0,960.0,183
3,1.0,600.0,680000,7001747,69,24,30,30,21,60,Helensville,6.0,982.0,240
3,1.0,139.0,600000,7008472,57,24,21,15,27,30,Otahuhu,10.0,1189.0,177
5,3.0,750.0,3430000,7006879,48,30,9,27,39,24,Eastern Beach,4.0,938.0,171
5,2.0,490.0,2325000,7004924,57,24,36,33,18,24,Grey Lynn,5.0,957.0,201
4,2.0,6024.0,1575000,7009943,24,15,21,9,24,21,Totara Park,2.0,901.0,117
5,3.0,825.0,2475000,7006948,39,18,15,12,36,39,Howick,3.0,936.0,159
3,1.0,451.0,760000,7004283,39,36,30,24,24,33,New Lynn,8.0,1047.0,183
4,2.0,845.0,670000,7009527,60,21,30,9,18,27,Weymouth,10.0,1164.0,162
4,3.0,1199.0,3275000,7005726,36,18,6,15,24,30,Remuera,1.0,887.0,132
4,2.0,181.0,2100000,7006500,42,12,12,24,24,15,Glendowie,2.0,910.0,129
4,3.0,162.0,1600000,7005433,54,54,21,30,27,39,Epsom,3.0,929.0,231
4,3.0,773.0,400000,7001687,39,21,15,27,27,39,Gulf Harbour,3.0,934.0,162
5,3.0,8573.0,1725000,7001813,51,27,12,30,45,30,Redvale,2.0,899.0,201
4,2.0,4000.0,2275000,7001813,51,27,12,30,45,30,Redvale,2.0,899.0,201
3,2.0,954.0,1075000,7001392,42,33,24,27,27,30,Waitoki,1.0,893.0,183
5,3.0,345.0,480000,7010094,12,9,3,6,3,3,Takanini,6.0,993.0,39
4,3.0,385.0,790000,7010094,12,9,3,6,3,3,Takanini,6.0,993.0,39
2,1.0,754.0,1300000,7005243,57,33,39,24,15,18,Mount Roskill,10.0,1156.0,186
2,2.0,598.0,2100000,7005665,27,24,9,12,21,36,Parnell,5.0,973.0,135
4,2.0,792.0,780000,7010292,42,9,21,18,21,51,Clarks Beach,5.0,960.0,159
2,2.0,959.0,1700000,7003348,21,3,9,18,18,45,Surfdale,1.0,897.0,117
3,1.0,756.0,1845000,7007834,24,6,6,12,18,39,Mangere Bridge,4.0,939.0,102
5,3.0,750.0,1250000,7007052,126,51,66,72,42,48,Beachlands,1.0,892.0,402
1,1.0,809.0,740000,7003359,36,27,15,24,33,45,Surfdale,8.0,1047.0,183
2,1.0,1421.0,860000,7003357,33,18,27,15,30,39,Surfdale,4.0,952.0,165
3,2.0,22240.0,1075000,7001262,45,12,15,27,27,39,Helensville,3.0,926.0,165
4,2.0,809.0,680000,7009888,57,30,18,18,18,15,Manurewa East,10.0,1219.0,156
5,3.0,3953.0,920000,7001131,27,6,6,18,39,60,Great Barrier Island (Aotea Island),9.0,1122.0,156
3,2.0,291.0,700000,7003568,84,51,45,36,30,36,Ranui,7.0,1008.0,279
4,1.0,343.0,630000,7008270,75,51,39,24,30,27,Mangere East,9.0,1092.0,246
5,6.0,2268.0,6600000,7006423,39,18,15,21,39,30,St Heliers,1.0,889.0,165
4,3.0,400.0,450000,7002649,60,30,33,36,15,27,Glenfield,4.0,945.0,210
3,2.0,200.0,570000,7009554,66,33,33,24,21,21,Manurewa,10.0,1217.0,198
3,1.0,739.0,540000,7008860,69,45,30,24,15,30,Otara,9.0,1128.0,219
2,1.0,61.0,480000,7009439,39,30,30,18,24,15,Papatoetoe,8.0,1034.0,159
4,3.0,601.0,1850000,7006309,63,24,27,42,39,42,St Heliers,2.0,916.0,240
3,2.0,171.0,2250000,7006272,18,12,9,9,21,51,Mission Bay,1.0,893.0,117
5,3.0,283.0,2600000,7006272,18,12,9,9,21,51,Mission Bay,1.0,893.0,117
5,3.0,323.0,2100000,7001769,39,21,18,30,24,30,Dairy Flat,3.0,933.0,162
4,3.0,240.0,1975000,7003389,30,9,18,27,39,42,Waiheke Island,4.0,950.0,168
4,5.0,641.0,6400000,7003389,30,9,18,27,39,42,Waiheke Island,4.0,950.0,168
2,1.0,922.0,960000,7003340,39,18,33,30,48,63,Oneroa,6.0,994.0,234
3,1.0,792.0,1105000,7007657,63,42,30,21,24,24,Mount Roskill,10.0,1182.0,207
5,2.0,679.0,690000,7010407,36,15,21,21,21,36,Waiuku,5.0,969.0,150
2,1.0,67.0,530000,7009438,36,27,24,15,21,12,Papatoetoe,8.0,1044.0,135
4,1.0,1222.0,610000,7010200,81,30,12,18,18,9,Papakura,10.0,1379.0,171
6,3.0,708.0,1625000,7001930,78,48,54,39,36,45,Long Bay,3.0,925.0,297
4,2.0,313.0,1325000,7008271,87,39,54,33,30,30,Mangere East,9.0,1119.0,273
7,3.0,1276.0,2100000,7001431,42,30,9,24,30,42,Orewa,2.0,906.0,177
6,4.0,607.0,6200000,7001299,27,15,15,21,27,33,Pohuehue,5.0,963.0,135
2,2.0,598.0,2025000,7005692,18,21,24,15,15,27,Parnell,4.0,938.0,126
6,4.0,384.0,5700000,7001866,15,6,12,3,15,6,Okura,2.0,911.0,60
3,1.0,570.0,1950000,7006765,42,15,27,21,15,27,Pakuranga Heights,3.0,932.0,147
5,3.0,252.0,930000,7008548,30,60,24,12,12,18,Papatoetoe,6.0,997.0,156
3,3.0,1024.0,1300000,7006998,36,9,12,18,21,36,Cockle Bay,4.0,937.0,135
1,1.0,675.0,970000,7002061,27,27,21,15,42,60,Browns Bay,4.0,945.0,195
4,2.0,726.0,1100000,7003913,57,27,27,18,21,18,West Harbour,7.0,1027.0,171
4,2.0,244.0,1625000,7002160,48,12,12,24,39,30,Kumeu,4.0,944.0,162
3,1.0,100.0,880000,7004832,36,30,15,12,24,12,Wesley,10.0,1189.0,123
3,1.0,961.0,1725000,7004832,36,30,15,12,24,12,Wesley,10.0,1189.0,123
4,3.0,1265.0,4110000,7002104,30,24,12,18,36,54,Torbay,1.0,897.0,174
2,1.0,1738.0,1400000,7007781,45,21,18,18,27,36,Hillsborough,2.0,916.0,165
3,2.0,236.0,1550000,7005847,27,33,24,18,27,18,Remuera,3.0,931.0,156
3,2.0,260.0,610000,7009802,60,48,33,27,21,18,Manurewa,9.0,1093.0,216
3,1.0,1151.0,920000,7003353,30,30,30,33,21,45,Oneroa,4.0,954.0,189
4,3.0,163.0,645000,7008790,54,36,33,18,18,15,Pakuranga Heights,5.0,974.0,174
3,2.0,532.0,1300000,7001459,0,0,0,0,0,0,Silverdale,8.0,1033.0,21
4,2.0,1513.0,890000,7001308,42,15,9,21,15,27,Warkworth,1.0,867.0,132
2,1.0,806.0,580000,7003394,42,9,18,21,27,42,Onetangi,6.0,999.0,156
17,8.0,1596.0,760000,7004981,21,21,18,21,9,12,Sandringham,6.0,988.0,111
4,2.0,1143.0,875000,7003883,36,15,21,15,24,30,Henderson,9.0,1109.0,132
5,3.0,253.0,890000,7009650,87,48,36,24,27,15,Manurewa,9.0,1127.0,234
2,1.0,70.0,815000,7004018,57,36,39,21,24,24,Sunnyvale,8.0,1043.0,204
4,3.0,812.0,1484100,7004092,42,24,24,21,18,9,Te Atatu Peninsula,7.0,1011.0,138
8,4.0,2362.0,1825000,7010377,51,9,18,36,27,42,Bombay,1.0,891.0,183
1,1.0,449.0,570000,7007849,45,18,21,24,24,39,Mangere Bridge,6.0,996.0,165
4,4.0,460.0,1325000,7007849,45,18,21,24,24,39,Mangere Bridge,6.0,996.0,165
4,2.0,466.0,1975000,7009561,69,39,45,33,21,39,Manurewa,9.0,1073.0,252
2,1.0,105.0,990000,7004381,39,42,30,24,21,21,Waterview,4.0,939.0,180
4,1.0,1088.0,810000,7008455,42,30,15,21,15,27,Mount Wellington,10.0,1138.0,153
3,2.0,170.0,670000,7004043,60,33,33,30,30,30,Te Atatu Peninsula,5.0,959.0,219
3,1.0,1012.0,820000,7008406,102,63,36,18,21,21,Papatoetoe,9.0,1134.0,255
4,1.0,948.0,740000,7009969,78,51,42,18,18,15,Takanini,9.0,1089.0,219
4,3.0,178.0,770000,7008524,33,27,18,15,18,12,Papatoetoe,7.0,1009.0,129
4,2.0,230.0,2050000,7010369,45,21,12,21,39,21,Bombay,2.0,908.0,153
3,2.0,1366.0,270000,7001354,0,0,0,0,0,6,Rakino Island,6.0,991.0,27
2,1.0,40.0,3250000,7001354,0,0,0,0,0,6,Rakino Island,6.0,991.0,27
3,2.0,184.0,920000,7001471,45,27,12,39,42,57,Hatfields Beach,2.0,912.0,228
4,3.0,188.0,1275000,7001471,45,27,12,39,42,57,Hatfields Beach,2.0,912.0,228
5,1.0,1429.0,1355000,7008654,54,36,33,21,12,24,Papatoetoe,8.0,1045.0,180
3,2.0,57.0,530000,7008385,66,42,39,15,12,12,Otahuhu,9.0,1134.0,189
2,1.0,1040.0,1080000,7003396,24,3,6,12,27,27,Waiheke Island,5.0,961.0,111
4,3.0,343.0,830000,7001550,48,15,15,27,27,69,Red Beach,2.0,915.0,195
5,2.0,11000.0,1080000,7005277,15,63,36,6,12,0,Auckland Central,8.0,1047.0,138
4,2.0,396.0,545000,7003697,36,33,12,27,18,15,Ranui,9.0,1077.0,144
6,3.0,809.0,910000,7003433,33,24,24,18,36,15,Swanson,1.0,897.0,144
2,1.0,70.0,500000,7008631,15,30,21,9,18,15,Papatoetoe,9.0,1071.0,111
6,4.0,1201.0,2550000,7009277,57,24,21,24,48,51,Dannemora,1.0,880.0,222
5,4.0,450.0,1775000,7002019,24,6,12,15,6,3,Long Bay,3.0,923.0,69
5,4.0,9107.0,2400000,7001795,36,9,12,15,21,21,Paremoremo,2.0,907.0,120
2,1.0,809.0,1120000,7003343,27,18,30,24,12,21,Oneroa,3.0,927.0,126
5,3.0,394.0,560000,7009785,30,24,12,24,18,39,Manurewa,9.0,1129.0,144
4,3.0,493.0,500000,7002186,27,27,30,15,18,21,Huapai,4.0,941.0,138
5,3.0,305.0,2350000,7005849,54,9,9,33,27,75,Remuera,1.0,894.0,201
4,3.0,342.0,1500000,7007919,63,27,24,27,27,39,Mangere Bridge,6.0,996.0,207
5,3.0,411.0,500000,7009853,33,18,27,18,24,39,Manurewa,3.0,925.0,165
5,3.0,491.0,520000,7009853,33,18,27,18,24,39,Manurewa,3.0,925.0,165
2,1.0,1070.0,790000,7003397,12,0,6,18,24,36,Waiheke Island,4.0,950.0,99
4,3.0,4019.0,1320000,7007159,48,12,12,27,27,30,Laingholm,2.0,899.0,159
4,1.0,1115.0,1155000,7002731,24,9,18,15,6,18,Totara Vale,3.0,936.0,99
5,4.0,358.0,900000,7003572,63,33,63,24,33,18,Ranui,5.0,973.0,234
6,2.0,741.0,620000,7010481,57,36,15,18,6,18,Pukekohe,8.0,1066.0,153
3,1.0,690.0,500000,7011005,21,9,3,3,6,9,Tuakau,9.0,1120.0,39
4,1.0,548.0,460000,7011005,21,9,3,3,6,9,Tuakau,9.0,1120.0,39
4,2.0,10000.0,1875000,7001835,39,15,18,21,21,15,Redvale,2.0,914.0,126
6,5.0,1083.0,2900000,7001717,54,18,12,27,33,39,Gulf Harbour,2.0,913.0,177
2,1.0,3488.0,650000,7003342,24,24,21,39,27,39,Oneroa,5.0,956.0,180
2,2.0,1161.0,1200000,7003342,24,24,21,39,27,39,Oneroa,5.0,956.0,180
5,3.0,560.0,980000,7009739,27,36,15,15,30,33,Goodwood Heights,5.0,961.0,162
6,4.0,5024.0,2350000,7009346,90,42,27,45,75,45,Flat Bush,2.0,898.0,321
3,1.0,15550.0,550000,7001139,48,30,21,21,33,45,Wellsford,5.0,973.0,195
4,3.0,327.0,2200000,7007478,39,33,24,24,33,63,Blockhouse Bay,3.0,934.0,219
3,2.0,151.0,510000,7001696,72,21,30,60,33,45,Gulf Harbour,3.0,919.0,258
2,1.0,56.0,460000,7005510,24,96,51,18,18,27,Auckland Central,7.0,1003.0,234
3,2.0,259.0,920000,7002295,45,24,48,15,6,12,Hobsonville,2.0,900.0,147
5,3.0,985.0,1430000,7007268,51,15,27,27,24,24,Titirangi,3.0,932.0,177
5,3.0,804.0,2000000,7009186,168,66,72,69,90,84,East Tamaki Heights,1.0,896.0,543
4,2.0,400.0,860000,7002191,54,21,24,30,24,36,Kumeu,3.0,929.0,189
3,1.0,696.0,980000,7006325,45,51,33,27,24,36,Saint Johns,8.0,1064.0,210
4,3.0,1459.0,3175000,7006173,39,15,12,18,21,36,Mission Bay,1.0,893.0,147
5,3.0,305.0,2025000,7007500,33,18,24,15,21,39,Blockhouse Bay,5.0,959.0,153
3,2.0,142.0,1550000,7005621,48,30,27,33,27,21,Epsom,4.0,949.0,192
4,3.0,741.0,1700000,7010004,102,33,54,60,48,36,Karaka,1.0,877.0,333
5,3.0,553.0,1425000,7010004,102,33,54,60,48,36,Karaka,1.0,877.0,333
2,1.0,70.0,505000,7004016,60,30,33,24,21,39,Sunnyvale,9.0,1083.0,201
3,1.0,859.0,560000,7009960,108,48,54,30,27,48,Randwick Park,9.0,1085.0,309
3,2.0,195.0,1825000,7004875,15,21,27,24,27,66,Herne Bay,3.0,930.0,174
4,3.0,305.0,2850000,7006411,30,15,15,18,27,75,St Heliers,3.0,934.0,174
4,2.0,155.0,3375000,7009103,99,84,90,30,18,18,Flat Bush,6.0,984.0,336
4,2.0,183.0,810000,7009103,99,84,90,30,18,18,Flat Bush,6.0,984.0,336
2,1.0,830.0,850000,7003383,42,15,21,33,36,60,Omiha,7.0,1019.0,216
4,2.0,1507.0,1200000,7002146,39,9,33,18,21,24,Waimauku,1.0,875.0,141
4,2.0,194.0,1425000,7006074,78,15,24,51,27,21,Remuera,2.0,909.0,207
4,2.0,505.0,790000,7008184,165,60,66,45,39,39,Mangere East,10.0,1157.0,420
4,2.0,213.0,1050000,7010278,39,15,18,24,33,21,Hunua,3.0,930.0,144
4,2.0,619.0,1325000,7009262,30,12,15,15,15,33,Somerville,2.0,903.0,120
4,2.0,822.0,970000,7007012,60,18,27,33,9,15,Cockle Bay,2.0,910.0,168
4,2.0,505.0,980000,7010517,51,21,27,24,30,54,Pukekohe,4.0,954.0,204
3,2.0,350.0,710000,7010105,63,24,42,18,21,33,Papakura,8.0,1054.0,201
5,3.0,751.0,2100000,7006938,54,21,18,33,36,42,Mellons Bay,2.0,911.0,207
4,2.0,542.0,1175000,7007452,42,15,15,21,21,27,Green Bay,6.0,991.0,144
7,2.0,357.0,1120000,7005119,15,48,45,9,9,12,Grey Lynn,4.0,939.0,141
4,3.0,334.0,1700000,7005119,15,48,45,9,9,12,Grey Lynn,4.0,939.0,141
5,4.0,376.0,1800000,7006764,51,24,30,27,9,33,Pakuranga Heights,7.0,1002.0,174
5,3.0,287.0,1175000,7007984,30,15,21,9,15,15,Onehunga,9.0,1127.0,108
5,2.0,292.0,1175000,7007984,30,15,21,9,15,15,Onehunga,9.0,1127.0,108
3,2.0,121.0,1600000,7005476,30,18,9,24,18,18,Epsom,5.0,964.0,123
3,1.0,911.0,960000,7003424,78,39,33,45,24,12,Waitakere,4.0,941.0,231
4,1.0,607.0,570000,7009576,78,30,24,24,21,21,Manurewa,10.0,1241.0,198
4,2.0,800.0,1550000,7006896,54,27,18,21,54,54,Howick,4.0,943.0,231
3,1.0,1095.0,860000,7010516,33,18,18,21,33,39,Pukekohe,3.0,926.0,171
5,2.0,900.0,840000,7009765,60,36,39,24,30,18,Manurewa,8.0,1035.0,207
5,4.0,1298.0,2750000,7006614,45,15,27,24,30,72,Pakuranga,2.0,911.0,213
4,2.0,509.0,1080000,7004212,27,15,24,21,27,24,Te Atatu Peninsula,3.0,929.0,144
3,2.0,604.0,1000000,7006464,24,39,24,12,12,27,Mount Wellington,7.0,1016.0,141
3,2.0,347.0,770000,7001648,24,24,12,30,27,27,Stanmore Bay,7.0,1005.0,156
2,2.0,362.0,580000,7011006,69,18,33,30,24,45,Tuakau,10.0,1139.0,213
3,2.0,752.0,890000,7009935,63,21,21,45,36,57,The Gardens,1.0,894.0,246
4,3.0,362.0,1105000,7007379,36,30,36,24,24,24,New Lynn,4.0,948.0,171
2,1.0,73.0,620000,7007621,24,36,15,24,18,21,Mount Roskill,6.0,989.0,138
3,1.0,713.0,940000,7009119,78,39,27,48,45,39,Botany Downs,5.0,956.0,282
2,1.0,43.0,380000,7008786,21,39,36,24,21,24,Manukau,8.0,1046.0,168
2,1.0,45.0,385000,7008786,21,39,36,24,21,24,Manukau,8.0,1046.0,168
5,2.0,665.0,880000,7003863,54,33,30,27,30,39,Henderson,9.0,1072.0,210
2,1.0,221.0,840000,7006100,39,24,27,27,18,39,Remuera,5.0,966.0,174
8,5.0,378.0,1360000,7009108,18,18,12,15,18,18,Flat Bush,6.0,995.0,99
5,3.0,664.0,1790000,7004208,33,18,15,9,24,27,Te Atatu Peninsula,3.0,933.0,120
4,2.0,906.0,1125000,7007737,30,18,12,24,21,12,Hillsborough,2.0,918.0,129
3,2.0,397.0,1875000,7005976,42,15,21,24,33,36,Remuera,2.0,905.0,180
3,1.0,470.0,725000,7004343,66,42,39,36,18,21,Avondale,8.0,1052.0,225
3,2.0,562.0,1025000,7008926,63,51,57,39,45,78,Burswood,4.0,949.0,336
5,3.0,5340.0,1875000,7006957,45,27,21,24,24,39,East Tamaki Heights,3.0,934.0,186
5,3.0,507.0,910000,7009944,60,24,33,27,21,18,Manurewa,3.0,937.0,186
4,2.0,403.0,860000,7009944,60,24,33,27,21,18,Manurewa,3.0,937.0,186
5,2.0,605.0,1150000,7001682,45,24,18,33,27,48,Army Bay,3.0,926.0,189
4,3.0,184.0,860000,7008313,57,45,33,24,24,24,Papatoetoe,7.0,1011.0,207
3,1.0,714.0,770000,7001301,6,12,6,9,12,72,Warkworth,8.0,1058.0,120
3,1.0,492.0,600000,7010086,54,27,27,30,12,21,Rosehill,9.0,1101.0,174
2,1.0,82.0,530000,7008075,69,30,36,30,18,24,Onehunga,9.0,1106.0,210
2,2.0,8638.0,650000,7001135,30,21,21,21,39,69,Great Barrier Island (Aotea Island),9.0,1107.0,201
3,2.0,352.0,570000,7004225,33,24,27,18,15,18,Glendene,7.0,1021.0,144
2,1.0,91.0,680000,7005655,78,204,177,45,15,12,Auckland Central,9.0,1082.0,534
5,3.0,722.0,990000,7010545,45,12,15,24,21,18,Pukekohe,7.0,1029.0,141
4,2.0,352.0,690000,7010462,27,12,12,15,12,21,Pukekohe,7.0,1011.0,96
5,4.0,683.0,1975000,7005827,33,12,6,24,15,15,Remuera,3.0,937.0,108
5,2.0,377.0,2350000,7005827,33,12,6,24,15,15,Remuera,3.0,937.0,108
3,2.0,1198.0,1100000,7007085,36,18,12,24,18,27,Maraetai,2.0,916.0,132
4,1.0,1136.0,610000,7010227,48,21,27,12,18,21,Papakura,9.0,1101.0,150
4,3.0,860.0,1750000,7007005,39,12,18,21,24,30,Cockle Bay,1.0,879.0,150
3,1.0,326.0,910000,7003786,120,42,30,33,24,18,West Harbour,10.0,1245.0,264
2,1.0,130.0,940000,7005703,24,30,24,12,24,18,Remuera,4.0,952.0,138
2,1.0,908.0,550000,7009667,66,30,33,21,21,18,Manurewa,10.0,1154.0,183
5,4.0,1358.0,3125000,7006406,51,27,30,27,24,27,St Heliers,2.0,904.0,177
4,2.0,138.0,570000,7008081,105,39,42,45,33,21,Favona,9.0,1126.0,294
3,1.0,746.0,560000,7010228,87,39,39,36,33,27,Papakura,10.0,1204.0,261
3,1.0,732.0,690000,7010140,42,27,30,27,24,33,Opaheke,5.0,973.0,180
3,1.0,610.0,530000,7009475,96,42,33,18,36,18,Manurewa,10.0,1198.0,243
4,2.0,311.0,300000,7010161,54,27,36,12,15,9,Papakura,9.0,1089.0,150
3,1.0,862.0,630000,7009918,75,24,33,21,21,24,Conifer Grove,8.0,1030.0,195
3,1.0,1396.0,885000,7003427,78,24,27,48,42,48,Swanson,2.0,899.0,267
3,2.0,2933.0,980000,7003427,78,24,27,48,42,48,Swanson,2.0,899.0,267
5,4.0,5093.0,1700000,7010006,15,12,6,9,30,24,Totara Park,2.0,901.0,102
4,2.0,810.0,3700000,7006674,33,9,9,15,21,27,Wai O Taiki Bay,1.0,886.0,117
5,3.0,938.0,3125000,7005985,30,12,6,21,24,24,Remuera,1.0,878.0,123
4,3.0,938.0,3125000,7005985,30,12,6,21,24,24,Remuera,1.0,878.0,123
4,3.0,403.0,2575000,7006636,45,9,15,21,36,30,Glendowie,1.0,874.0,153
5,2.0,300.0,1600000,7006007,15,27,21,6,3,21,Remuera,6.0,977.0,102
5,2.0,809.0,1025000,7004073,33,21,21,18,15,18,Te Atatu Peninsula,7.0,1013.0,135
4,3.0,251.0,2625000,7006290,60,9,15,30,27,36,Kohimarama,1.0,875.0,174
4,2.0,698.0,640000,7010489,39,30,27,15,24,30,Pukekohe,5.0,964.0,165
5,3.0,724.0,1400000,7007032,48,9,12,30,30,48,Beachlands,1.0,861.0,174
3,1.0,80.0,600000,7008434,78,57,51,18,15,24,Papatoetoe,9.0,1074.0,243
2,1.0,90.0,500000,7004289,57,24,36,24,18,27,New Lynn,8.0,1044.0,189
5,3.0,818.0,1300000,7007622,42,24,27,21,30,30,Mount Roskill,5.0,961.0,174
3,1.0,100.0,660000,7003776,78,45,48,36,30,21,West Harbour,8.0,1051.0,261
2,1.0,2256.0,680000,7003375,36,15,21,36,27,45,Ostend,5.0,957.0,186
6,4.0,377.0,1350000,7009313,24,15,21,12,6,12,Flat Bush,5.0,959.0,81
6,5.0,413.0,710000,7009313,24,15,21,12,6,12,Flat Bush,5.0,959.0,81
2,1.0,696.0,680000,7008479,51,21,30,6,15,9,Otahuhu,10.0,1148.0,129
2,2.0,197.0,540000,7004644,60,45,27,18,18,21,Mount Albert,10.0,1247.0,192
3,2.0,216.0,1300000,7006477,33,27,24,21,36,54,St Heliers,2.0,902.0,189
3,1.0,893.0,760000,7003379,24,12,15,15,30,24,Ostend,6.0,979.0,126
5,3.0,2188.0,1350000,7007314,21,21,18,15,24,18,Titirangi,5.0,968.0,114
4,3.0,508.0,1125000,7003528,60,48,57,33,18,33,Massey,6.0,983.0,255
4,2.0,1012.0,1055000,7003528,60,48,57,33,18,33,Massey,6.0,983.0,255
3,1.0,407.0,860000,7004094,48,27,27,30,18,21,Te Atatu Peninsula,8.0,1030.0,168
6,2.0,284.0,1350000,7007477,36,12,21,33,3,33,Blockhouse Bay,5.0,974.0,135
5,4.0,516.0,2525000,7005867,24,12,6,21,33,27,Remuera,4.0,938.0,117
3,1.0,80.0,440000,7010231,90,24,30,30,15,24,Papakura,10.0,1279.0,216
5,2.0,604.0,620000,7009503,99,42,39,27,18,18,Weymouth,10.0,1140.0,240
1,1.0,70.0,430000,7008565,18,15,24,18,18,33,Papatoetoe,7.0,1010.0,126
4,1.0,675.0,1150000,7007914,30,21,15,9,15,30,Mangere Bridge,4.0,954.0,126
4,1.0,703.0,1360000,7004961,39,48,48,24,27,9,Morningside,4.0,941.0,192
5,3.0,357.0,1600000,7004961,39,48,48,24,27,9,Morningside,4.0,941.0,192
2,1.0,288.0,530000,7008494,81,39,30,24,21,24,Otahuhu,9.0,1115.0,210
3,1.0,481.0,795000,7006871,57,33,24,27,33,27,Highland Park,7.0,1025.0,204
4,2.0,198.0,1500000,7006165,24,9,21,12,21,24,Orakei,10.0,1186.0,111
7,5.0,411.0,1340000,7009100,69,51,48,33,15,36,Flat Bush,7.0,1015.0,249
4,2.0,663.0,1370000,7002987,51,15,27,21,27,18,Murrays Bay,4.0,947.0,153
5,3.0,750.0,1775000,7006819,60,18,33,36,42,42,Half Moon Bay,3.0,922.0,222
3,2.0,587.0,2075000,7005856,45,36,12,18,33,33,Remuera,2.0,918.0,186
3,1.0,1233.0,915000,7003477,51,36,33,27,27,18,Ranui,10.0,1138.0,192
3,1.0,1103.0,580000,7010424,51,15,18,21,18,21,Waiuku,9.0,1122.0,147
3,2.0,577.0,1275000,7007410,81,33,39,42,33,54,Green Bay,3.0,927.0,282
4,3.0,922.0,2750000,7006493,39,6,9,21,18,27,St Heliers,1.0,859.0,123
5,3.0,600.0,1000000,7009716,57,21,27,15,30,42,Wattle Downs,6.0,981.0,192
4,4.0,561.0,1340000,7003578,102,84,78,54,42,45,Ranui,1.0,879.0,405
4,2.0,987.0,1050000,7004106,24,30,36,21,36,39,Te Atatu South,4.0,949.0,189
4,2.0,461.0,1550000,7006403,60,6,18,39,33,39,St Heliers,1.0,888.0,189
3,2.0,150.0,630000,7009726,39,33,21,12,12,21,Goodwood Heights,7.0,1000.0,138
4,3.0,7139.0,1650000,7002142,39,18,9,27,30,33,Waimauku,2.0,903.0,156
4,2.0,558.0,1000000,7001721,78,18,57,39,15,39,Gulf Harbour,2.0,906.0,243
4,2.0,3162.0,880000,7010417,75,27,27,39,30,24,Waiuku,1.0,894.0,216
4,2.0,5884.0,1725000,7009945,48,33,36,30,39,42,Alfriston,2.0,906.0,228
3,1.0,250.0,630000,7003563,60,21,30,24,21,18,Ranui,8.0,1037.0,174
5,2.0,508.0,910000,7005772,30,12,9,27,27,45,Narrow Neck,2.0,914.0,153
6,3.0,755.0,2950000,7005398,24,30,36,12,12,9,Mount Eden,5.0,970.0,120
3,2.0,1047.0,1050000,7002468,27,18,12,9,27,18,Beach Haven,1.0,881.0,123
5,2.0,1002.0,920000,7004222,21,15,15,12,9,15,Glendene,9.0,1092.0,93
4,2.0,7480.0,1500000,7010368,30,9,15,21,27,39,Ramarama,2.0,918.0,138
4,2.0,7480.0,1500000,7010368,30,9,15,21,27,39,Ramarama,2.0,918.0,138
2,2.0,119.0,700000,7010158,81,30,36,18,21,15,Papakura,8.0,1056.0,201
2,2.0,119.0,700000,7010158,81,30,36,18,21,15,Papakura,8.0,1056.0,201
5,3.0,1126.0,2200000,7006782,36,18,18,18,27,39,Bucklands Beach,3.0,931.0,147
3,1.0,706.0,600000,7008123,141,42,39,45,36,27,Mangere East,10.0,1262.0,327
3,1.0,603.0,700000,7008319,36,21,21,18,21,21,Papatoetoe,7.0,1016.0,141
5,3.0,266.0,2175000,7006065,30,12,24,9,30,30,Remuera,2.0,903.0,138
3,1.0,842.0,720000,7008321,48,30,18,12,27,24,Wiri,10.0,1227.0,159
3,1.0,1012.0,1020000,7003558,36,21,21,18,21,27,Ranui,8.0,1042.0,135
4,2.0,1599.0,1150000,7006940,69,30,27,51,24,42,Mellons Bay,4.0,945.0,237
6,2.0,1014.0,1300000,7008382,51,21,18,15,18,18,Otahuhu,10.0,1235.0,147
3,2.0,350.0,670000,7003548,78,36,33,36,15,24,Ranui,8.0,1054.0,213
3,1.0,120.0,630000,7009529,30,21,21,15,24,27,Weymouth,9.0,1083.0,147
3,1.0,100.0,620000,7003508,69,45,39,21,24,12,Massey,8.0,1032.0,210
3,2.0,803.0,950000,7003813,33,21,21,15,24,45,Massey,2.0,915.0,153
3,1.0,400.0,625000,7008908,120,66,51,51,18,36,Clover Park,8.0,1064.0,342
2,1.0,936.0,740000,7008498,54,39,33,24,36,30,Otahuhu,9.0,1135.0,213
5,3.0,1207.0,1850000,7007018,36,15,9,21,12,33,Cockle Bay,2.0,913.0,126
3,1.0,519.0,560000,7010039,45,39,36,21,30,33,Papakura,9.0,1118.0,195
4,2.0,1409.0,880000,7003417,21,15,12,21,27,30,Waitakere,2.0,914.0,123
3,1.0,161.0,1380000,7005168,36,33,18,27,21,24,Mount Eden,3.0,928.0,159
4,2.0,956.0,880000,7002449,33,24,15,21,15,15,Beach Haven,2.0,907.0,120
4,1.0,607.0,1575000,7005171,48,39,12,30,24,9,Mount Eden,3.0,926.0,162
5,3.0,809.0,1250000,7008516,48,51,24,30,15,15,Papatoetoe,5.0,968.0,183
3,1.0,405.0,600000,7010248,24,6,9,12,9,12,Papakura,9.0,1104.0,72
4,2.0,812.0,1425000,7006661,36,18,15,9,9,18,Point England,9.0,1086.0,102
3,1.0,1196.0,600000,7009887,51,27,18,12,12,15,Manurewa East,9.0,1118.0,135
3,1.0,1014.0,5600000,7008323,30,39,30,21,27,15,Mount Wellington,9.0,1100.0,162
4,2.0,602.0,455000,7001358,54,30,18,30,48,48,Wainui,2.0,918.0,231
4,3.0,437.0,1225000,7007776,51,30,42,33,36,30,Hillsborough,2.0,909.0,225
3,1.0,567.0,890000,7007683,45,48,33,27,21,33,Mount Roskill,4.0,943.0,195
4,2.0,500.0,1230000,7006376,30,24,12,21,15,9,Mount Wellington,5.0,973.0,117
3,1.0,132.0,860000,7004404,6,3,15,12,12,147,Avondale,8.0,1069.0,189
2,1.0,70.0,710000,7004759,60,42,57,33,27,18,Mount Albert,3.0,924.0,231
3,1.0,365.0,580000,7007141,69,39,24,18,15,12,Glen Eden,9.0,1098.0,177
4,2.0,597.0,870000,7009516,105,51,36,39,33,36,Weymouth,9.0,1128.0,300
3,1.0,627.0,960000,7006893,51,30,27,12,36,36,Bucklands Beach,3.0,930.0,195
6,4.0,451.0,1300000,7002079,30,21,18,12,12,12,Rothesay Bay,4.0,939.0,105
3,1.0,80.0,390000,7009492,147,54,39,33,45,18,Clendon Park,10.0,1152.0,336
4,1.0,610.0,465000,7009492,147,54,39,33,45,18,Clendon Park,10.0,1152.0,336
4,2.0,280.0,1500000,7006358,54,24,27,33,21,39,Stonefields,1.0,877.0,201
3,2.0,809.0,600000,7003372,27,3,3,24,21,42,Omiha,4.0,946.0,126
3,1.0,819.0,920000,7004062,57,21,36,33,15,24,Te Atatu Peninsula,5.0,970.0,180
3,1.0,1012.0,1150000,7007472,51,42,36,24,15,39,Blockhouse Bay,4.0,946.0,219
4,2.0,325.0,1950000,7002198,48,24,6,36,18,24,Kumeu,2.0,909.0,162
3,1.0,499.0,650000,7003546,60,39,30,21,21,24,Ranui,8.0,1064.0,192
3,1.0,259.0,770000,7008791,42,15,24,27,9,18,Pakuranga Heights,8.0,1037.0,129
4,2.0,458.0,750000,7010220,144,54,72,36,42,24,Papakura,8.0,1057.0,372
4,2.0,350.0,1160000,7002014,51,15,27,24,12,21,Browns Bay,1.0,879.0,150
4,3.0,639.0,1870000,7006615,48,33,27,27,27,42,Pakuranga,6.0,988.0,204
3,1.0,607.0,600000,7009457,117,60,30,33,30,27,Manurewa,10.0,1224.0,291
3,1.0,6158.0,780000,7001254,30,9,9,18,12,33,South Head,6.0,992.0,117
4,3.0,301.0,2000000,7006768,33,12,15,18,24,42,Bucklands Beach,3.0,927.0,138
2,2.0,76.0,930000,7004164,51,24,36,27,39,69,Glendene,6.0,976.0,237
4,2.0,400.0,1890000,7006780,33,15,9,24,24,33,Bucklands Beach,5.0,958.0,132
2,2.0,125.0,840000,7006610,30,15,21,18,9,39,Panmure,6.0,988.0,126
3,1.0,618.0,510000,7009470,120,57,45,45,39,21,Clendon Park,9.0,1129.0,327
5,3.0,672.0,910000,7009755,63,63,45,33,45,63,Totara Heights,5.0,959.0,312
4,2.0,466.0,960000,7001552,33,9,15,15,6,18,Red Beach,7.0,1029.0,96
5,3.0,601.0,620000,7001552,33,9,15,15,6,18,Red Beach,7.0,1029.0,96
4,3.0,224.0,940000,7009232,201,138,138,78,54,57,Flat Bush,4.0,953.0,666
4,3.0,244.0,1950000,7005090,24,36,21,12,24,54,Freemans Bay,7.0,1021.0,180
4,2.0,218.0,890000,7006486,54,12,21,30,30,39,St Heliers,1.0,873.0,180
4,2.0,375.0,2100000,7006486,54,12,21,30,30,39,St Heliers,1.0,873.0,180
4,3.0,228.0,1775000,7005623,42,36,15,33,18,39,Epsom,2.0,918.0,177
5,2.0,704.0,1025000,7008933,42,27,36,21,18,12,Burswood,3.0,921.0,159
3,3.0,536.0,850000,7005169,9,27,36,15,6,6,Mount Eden,4.0,954.0,105
3,2.0,371.0,950000,7008686,33,24,33,21,21,18,Pakuranga,7.0,1011.0,141
5,4.0,887.0,3600000,7006051,54,39,36,27,27,33,Orakei,5.0,974.0,210
4,2.0,666.0,1200000,7001416,96,18,60,48,30,39,Silverdale,1.0,891.0,285
4,2.0,397.0,1700000,7005161,24,36,36,27,6,9,Mount Eden,8.0,1055.0,135
4,1.0,607.0,950000,7007846,63,30,42,42,21,36,Mangere Bridge,8.0,1046.0,231
4,3.0,300.0,880000,7007938,138,63,66,45,24,30,Mangere Bridge,9.0,1132.0,369
3,1.0,550.0,1000000,7007920,69,42,42,45,36,84,Mangere Bridge,6.0,992.0,324
2,1.0,680.0,960000,7007842,72,21,36,33,21,54,Mangere Bridge,7.0,1025.0,234
4,3.0,784.0,2300000,7005965,60,15,27,24,27,21,Remuera,1.0,894.0,174
3,1.0,584.0,1055000,7007988,45,18,30,33,24,21,Onehunga,6.0,986.0,171
5,4.0,888.0,1680000,7007988,45,18,30,33,24,21,Onehunga,6.0,986.0,171
4,3.0,683.0,880000,7007566,48,48,42,33,33,45,Mount Roskill,6.0,982.0,249
6,5.0,424.0,1455000,7005411,48,18,12,24,21,27,Mount Eden,1.0,894.0,150
5,2.0,1025.0,3800000,7005844,39,15,9,24,15,27,Remuera,2.0,911.0,135
5,5.0,1449.0,5000000,7005844,39,15,9,24,15,27,Remuera,2.0,911.0,135
5,4.0,480.0,1240000,7005400,33,75,42,24,33,36,Mount Eden,4.0,944.0,237
6,7.0,507.0,1875000,7005400,33,75,42,24,33,36,Mount Eden,4.0,944.0,237
5,5.0,506.0,2525000,7005400,33,75,42,24,33,36,Mount Eden,4.0,944.0,237
3,2.0,825.0,970000,7004664,33,21,27,21,18,30,New Windsor,7.0,1024.0,150
4,1.0,718.0,1040000,7007527,42,33,15,21,27,27,Blockhouse Bay,8.0,1031.0,171
3,2.0,531.0,2125000,7005460,45,24,15,21,24,27,Mount Eden,3.0,927.0,168
3,1.0,306.0,2525000,7005080,24,12,18,21,18,69,Saint Marys Bay,2.0,900.0,165
4,3.0,328.0,1220000,7006303,36,15,15,24,30,45,Kohimarama,1.0,861.0,168
3,2.0,607.0,1360000,7005442,27,51,30,18,18,18,Mount Eden,5.0,958.0,159
3,1.0,218.0,1525000,7004883,36,24,33,36,27,30,Ponsonby,3.0,929.0,186
3,2.0,543.0,1975000,7005192,51,24,9,30,21,30,Mount Eden,6.0,984.0,168
3,1.0,455.0,2900000,7004906,81,18,24,45,30,18,Ponsonby,1.0,890.0,219
3,1.0,723.0,950000,7007454,72,66,45,33,24,51,Avondale,9.0,1077.0,291
4,1.0,1330.0,1105000,7007454,72,66,45,33,24,51,Avondale,9.0,1077.0,291
3,1.0,725.0,1180000,7006436,33,21,18,12,15,0,Glen Innes,10.0,1161.0,108
3,1.0,1568.0,2450000,7007699,57,42,33,21,27,27,Mount Roskill,8.0,1042.0,216
3,1.0,615.0,940000,7007518,36,42,15,27,36,39,Blockhouse Bay,4.0,950.0,192
4,3.0,558.0,1290000,7007524,30,18,18,15,18,24,Blockhouse Bay,3.0,926.0,123
3,1.0,378.0,790000,7004323,60,39,36,27,24,30,Avondale,7.0,1019.0,216
4,3.0,304.0,1280000,7009397,42,63,30,21,15,33,Papatoetoe,9.0,1107.0,210
3,1.0,675.0,1500000,7007896,27,33,33,36,48,57,Onehunga,10.0,1207.0,228
4,2.0,383.0,980000,7007519,21,27,18,18,18,24,Blockhouse Bay,6.0,995.0,132
4,2.0,592.0,1340000,7004786,57,15,12,36,21,15,Mount Albert,1.0,896.0,159
4,3.0,701.0,1650000,7008443,21,15,6,12,42,78,Mount Wellington,3.0,924.0,177
4,2.0,612.0,1025000,7007965,72,36,39,24,21,30,Onehunga,9.0,1100.0,216
4,1.0,522.0,1775000,7004741,54,18,24,36,33,21,Grey Lynn,1.0,877.0,180
5,3.0,446.0,1350000,7007724,51,57,30,33,24,33,Mount Roskill,3.0,937.0,225
5,2.0,625.0,1085000,7007528,39,21,24,18,9,27,Blockhouse Bay,4.0,949.0,129
3,1.0,584.0,810000,7007981,27,12,21,21,18,24,Onehunga,5.0,972.0,126
4,2.0,895.0,1250000,7007730,30,45,30,24,27,21,Hillsborough,4.0,944.0,174
3,2.0,417.0,1225000,7007730,30,45,30,24,27,21,Hillsborough,4.0,944.0,174
5,3.0,184.0,850000,7004537,36,45,39,18,15,24,Avondale,6.0,978.0,165
5,3.0,478.0,1245000,7004537,36,45,39,18,15,24,New Windsor,6.0,978.0,165
4,3.0,344.0,1245000,7004537,36,45,39,18,15,24,New Windsor,6.0,978.0,165
3,1.0,496.0,1400000,7004711,63,33,42,33,30,48,Ponsonby,9.0,1076.0,246
3,1.0,763.0,1230000,7004823,51,36,9,21,9,9,Wesley,10.0,1241.0,135
4,2.0,658.0,910000,7007773,33,21,15,24,9,24,Hillsborough,6.0,977.0,126
5,4.0,483.0,2475000,7006284,12,6,18,18,15,33,Kohimarama,3.0,937.0,102
4,3.0,708.0,1675000,7005472,36,21,18,18,21,24,Epsom,2.0,912.0,144
4,2.0,809.0,1750000,7005472,36,21,18,18,21,24,Three Kings,2.0,912.0,144
4,3.0,365.0,780000,7007511,60,33,27,21,24,21,Blockhouse Bay,10.0,1139.0,192
5,3.0,540.0,2100000,7006631,75,9,9,42,30,21,Glendowie,1.0,851.0,186
5,5.0,402.0,2350000,7006421,42,3,9,24,6,42,St Heliers,2.0,898.0,135
2,1.0,696.0,680000,7005269,18,36,39,18,12,15,Auckland Central,5.0,968.0,132
3,1.0,688.0,1000000,7007576,45,21,21,21,15,33,Lynfield,3.0,934.0,156
3,1.0,498.0,985000,7004520,51,39,57,27,21,33,New Windsor,5.0,968.0,219
3,1.0,2168.0,1940000,7004704,66,15,12,42,45,39,Herne Bay,2.0,908.0,216
3,2.0,617.0,3050000,7005841,45,24,6,24,30,39,Remuera,1.0,890.0,162
3,2.0,268.0,740000,7006537,75,54,45,21,18,33,Glen Innes,9.0,1103.0,252
3,3.0,1173.0,3300000,7006491,57,15,3,39,24,36,St Heliers,1.0,885.0,177
5,3.0,500.0,1275000,7004325,45,54,30,39,33,60,Avondale,8.0,1065.0,267
3,2.0,1219.0,2000000,7006638,33,27,9,18,18,27,Glendowie,9.0,1072.0,138
3,1.0,658.0,1475000,7005222,33,33,36,24,18,27,Mount Eden,5.0,957.0,168
4,2.0,674.0,840000,7004427,63,42,30,27,24,18,Avondale,6.0,999.0,198
3,1.0,961.0,1820000,7006033,18,15,18,15,9,18,Ellerslie,3.0,933.0,93
5,4.0,466.0,1650000,7004598,42,30,39,21,18,30,Mount Albert,8.0,1038.0,180
5,4.0,498.0,1500000,7007534,33,21,24,12,21,27,Blockhouse Bay,7.0,1029.0,135
4,4.0,475.0,4300000,7005663,18,9,27,9,15,30,Parnell,5.0,956.0,114
3,2.0,258.0,2200000,7004861,12,27,15,9,24,12,Saint Marys Bay,2.0,903.0,108
4,2.0,388.0,1950000,7006414,36,12,9,15,27,27,St Heliers,1.0,893.0,126
5,3.0,379.0,2650000,7005874,54,18,24,30,21,30,Greenlane,5.0,958.0,171
3,1.0,675.0,1100000,7007873,54,54,57,30,27,36,Onehunga,6.0,997.0,258
4,2.0,1133.0,1280000,7008240,24,12,15,12,15,21,Mount Wellington,5.0,962.0,105
6,2.0,1190.0,800000,7005833,51,15,12,36,30,21,Remuera,3.0,927.0,159
4,2.0,921.0,2400000,7005452,45,27,15,27,21,39,Epsom,5.0,959.0,168
4,2.0,400.0,1125000,7005058,54,27,30,21,24,15,Wesley,10.0,1156.0,180
3,1.0,936.0,2725000,7005973,60,24,30,27,30,27,Remuera,1.0,895.0,195
5,3.0,926.0,2150000,7005634,39,24,18,30,33,45,Epsom,4.0,949.0,186
4,2.0,479.0,1220000,7006433,90,63,48,21,24,21,Glen Innes,7.0,1015.0,261
4,2.0,525.0,1575000,7006016,30,48,60,36,33,30,Ellerslie,4.0,945.0,231
4,2.0,469.0,2500000,7006481,48,18,12,24,45,45,St Heliers,1.0,875.0,186
5,3.0,498.0,2650000,7006481,48,18,12,24,45,45,St Heliers,1.0,875.0,186
2,1.0,531.0,1220000,7005002,42,48,36,30,21,30,Mount Eden,6.0,996.0,210
5,4.0,329.0,940000,7004507,36,54,42,15,18,15,Mount Albert,7.0,1020.0,183
3,1.0,364.0,1000000,7007599,39,54,36,21,21,33,Mount Roskill,6.0,988.0,204
4,3.0,319.0,2675000,7005834,36,21,12,21,15,30,Remuera,3.0,926.0,144
5,3.0,585.0,1525000,7004403,45,24,36,30,18,33,Avondale,9.0,1080.0,186
4,3.0,306.0,1025000,7006024,48,36,27,24,12,9,One Tree Hill,9.0,1112.0,159
4,2.0,200.0,1425000,7006348,51,15,33,33,21,33,Stonefields,1.0,884.0,189
4,2.0,573.0,1220000,7005189,39,27,12,27,12,9,Mount Eden,2.0,914.0,123
3,2.0,201.0,360000,7005264,0,0,0,0,0,0,Auckland Central,1.0,884.0,3
2,1.0,1108.0,1600000,7004388,48,27,33,27,18,18,Avondale,8.0,1067.0,174
4,3.0,300.0,1450000,7006323,36,30,45,24,15,27,Saint Johns,4.0,939.0,183
4,2.0,1075.0,1130000,7007502,18,24,24,9,9,15,Avondale,7.0,1020.0,96
3,1.0,475.0,750000,7008250,51,48,36,18,12,21,Mount Wellington,8.0,1037.0,192
4,3.0,303.0,1000000,7007515,39,24,30,21,21,21,Blockhouse Bay,4.0,949.0,156
5,4.0,651.0,3350000,7005738,21,18,12,9,12,24,Epsom,7.0,1008.0,99
5,4.0,751.0,770000,7004241,87,42,30,27,24,15,Kelston,10.0,1150.0,222
5,3.0,390.0,845000,7007697,39,48,15,21,18,27,Mount Roskill,8.0,1044.0,171
4,3.0,221.0,930000,7007749,36,21,15,21,24,27,Epsom,4.0,939.0,144
5,4.0,854.0,3125000,7006672,60,18,12,33,21,27,Glendowie,2.0,914.0,174
5,3.0,220.0,1240000,7005229,42,51,51,12,30,27,Mount Eden,5.0,965.0,219
4,2.0,980.0,980000,7007735,36,33,27,21,21,24,Hillsborough,6.0,991.0,168
2,1.0,306.0,780000,7005287,45,147,60,12,6,6,Auckland Central,7.0,1009.0,273
3,3.0,607.0,2900000,7005688,42,69,42,33,42,60,Parnell,2.0,911.0,285
4,3.0,814.0,2425000,7005629,54,27,18,27,33,30,Epsom,6.0,981.0,189
4,1.0,941.0,910000,7004416,57,45,45,27,33,21,Avondale,8.0,1065.0,231
4,3.0,177.0,970000,7007726,51,36,51,24,15,39,Hillsborough,6.0,982.0,219
3,1.0,723.0,1140000,7004805,27,27,27,15,18,9,Sandringham,3.0,933.0,114
4,2.0,855.0,1225000,7007608,42,33,30,24,18,30,Mount Roskill,4.0,938.0,174
5,2.0,1459.0,2025000,7007715,45,45,36,21,30,30,Mount Roskill,4.0,945.0,204
3,2.0,328.0,1080000,7006469,12,15,27,27,12,21,Mount Wellington,4.0,950.0,114
3,1.0,1004.0,2475000,7005988,42,12,9,21,24,27,Remuera,1.0,895.0,129
4,2.0,1171.0,2625000,7005611,15,18,3,6,30,30,Epsom,4.0,950.0,99
4,3.0,691.0,1800000,7006334,36,27,24,21,24,48,Saint Johns,4.0,947.0,177
4,3.0,584.0,1200000,7006276,21,21,12,18,15,30,Mission Bay,4.0,940.0,123
7,3.0,729.0,2000000,7005669,36,33,33,33,12,42,Parnell,3.0,926.0,189
5,4.0,650.0,2675000,7006078,57,24,21,36,30,54,Remuera,1.0,876.0,216
5,3.0,506.0,860000,7007532,51,42,36,36,24,36,Blockhouse Bay,4.0,951.0,225
4,1.0,415.0,1200000,7007484,42,42,33,18,18,51,Blockhouse Bay,5.0,975.0,207
5,4.0,374.0,1650000,7006526,48,24,21,30,27,24,Glendowie,3.0,923.0,168
4,2.0,636.0,1950000,7005445,30,15,9,21,21,9,Mount Eden,2.0,911.0,105
3,1.0,1204.0,1100000,7008243,42,36,36,21,15,15,Mount Wellington,5.0,962.0,168
3,1.0,607.0,840000,7007476,27,21,27,6,9,45,Blockhouse Bay,10.0,1147.0,138
2,1.0,938.0,1925000,7006158,15,12,24,9,15,27,Orakei,6.0,979.0,102
5,3.0,1262.0,4650000,7005960,18,33,18,12,27,33,Orakei,2.0,905.0,138
5,4.0,413.0,1375000,7007727,69,54,39,33,30,18,Hillsborough,5.0,973.0,243
3,1.0,3361.0,1650000,7008449,78,54,42,30,24,15,Mount Wellington,8.0,1059.0,231
3,1.0,814.0,1230000,7007540,60,27,24,24,33,33,Blockhouse Bay,4.0,940.0,204
4,2.0,1100.0,2550000,7006418,39,9,12,24,24,33,St Heliers,1.0,853.0,138
5,3.0,524.0,1875000,7004801,36,48,27,21,18,24,Sandringham,6.0,978.0,168
4,2.0,721.0,3400000,7004566,30,18,6,18,15,30,Westmere,3.0,936.0,114
3,1.0,494.0,770000,7007663,42,39,9,24,18,12,Mount Roskill,10.0,1152.0,150
5,3.0,1006.0,2475000,7006172,39,12,27,27,27,48,Mission Bay,1.0,897.0,180
3,1.0,1867.0,2075000,7004495,18,39,27,15,3,12,Waterview,7.0,1022.0,117
4,3.0,397.0,1160000,7005868,54,30,15,18,24,27,Remuera,5.0,964.0,165
3,2.0,908.0,1150000,7007494,33,24,18,21,27,57,Blockhouse Bay,6.0,982.0,183
4,3.0,277.0,1850000,7007803,45,27,51,30,9,30,Royal Oak,7.0,999.0,192
5,3.0,308.0,1250000,7004668,39,51,21,15,33,27,New Windsor,8.0,1034.0,189
5,3.0,888.0,3500000,7006620,78,15,18,33,39,39,St Heliers,1.0,890.0,213
5,3.0,664.0,3900000,7006620,78,15,18,33,39,39,St Heliers,1.0,890.0,213
5,3.0,889.0,4100000,7006620,78,15,18,33,39,39,St Heliers,1.0,890.0,213
4,2.0,677.0,3450000,7005992,42,27,12,21,30,33,Remuera,5.0,963.0,165
3,1.0,670.0,830000,7008345,57,36,30,24,21,15,Mount Wellington,7.0,1021.0,186
4,2.0,837.0,1850000,7006199,36,24,24,21,27,12,Meadowbank,3.0,920.0,147
6,4.0,3062.0,12250000,7005696,60,12,15,27,24,33,Remuera,1.0,881.0,168
4,2.0,652.0,3450000,7005696,60,12,15,27,24,33,Remuera,1.0,881.0,168
3,2.0,971.0,2425000,7008497,42,27,33,15,24,21,Otahuhu,9.0,1109.0,168
4,2.0,344.0,1000000,7004411,36,27,21,24,15,18,Avondale,6.0,995.0,132
3,1.0,581.0,990000,7007881,45,24,30,18,24,12,Onehunga,2.0,919.0,159
4,2.0,1743.0,2375000,7005430,60,51,30,39,18,18,Mount Eden,6.0,986.0,216
4,2.0,350.0,1150000,7007594,51,60,39,18,30,21,Mount Roskill,6.0,986.0,219
5,2.0,340.0,760000,7004840,42,33,33,21,27,60,Wesley,10.0,1301.0,210
5,3.0,1080.0,3750000,7005826,33,18,9,15,30,42,Remuera,1.0,871.0,141
5,2.0,620.0,2250000,7005743,51,24,12,21,27,33,Epsom,5.0,958.0,174
5,6.0,3565.0,12500000,7005840,42,9,6,27,30,36,Remuera,1.0,849.0,150
5,3.0,736.0,1175000,7007584,30,36,27,21,30,24,Lynfield,6.0,987.0,165
6,2.0,2053.0,1453000,7008478,39,15,27,21,12,21,Otahuhu,10.0,1189.0,135
6,1.0,640.0,2925000,7005403,36,63,12,27,21,27,Mount Eden,5.0,956.0,192
3,1.0,506.0,2175000,7005660,42,48,21,39,21,39,Parnell,3.0,924.0,210
4,3.0,578.0,4000000,7005961,15,15,18,9,15,27,Orakei,7.0,1029.0,102
1,1.0,252.0,920000,7006283,9,12,15,12,21,54,Kohimarama,3.0,932.0,123
4,1.0,1368.0,670000,7005464,54,18,15,24,21,27,Mount Eden,1.0,885.0,159
6,1.0,607.0,1200000,7005497,15,27,24,15,18,30,Auckland Central,6.0,981.0,129
5,3.0,453.0,1250000,7007758,36,30,45,21,24,21,Three Kings,6.0,976.0,180
5,2.0,1854.0,5300000,7005745,48,18,12,15,36,45,Remuera,1.0,891.0,174
3,1.0,806.0,1665000,7005917,54,33,27,27,15,30,Greenlane,4.0,946.0,192
